56b6242418e011f1b02bdb21e1fca700	한국인터넷통신/1. 산업기술혁신사업 연구개발계획서(일반형, 통합형(세부), 병렬형(세부)_지역효과 추가_검토용/최이사님_1차년도_영문부분_번역_부탁드립니다.hwp	4c459cc093d10830a396df70c365d11091dd43cb.txt
5874f7f418e011f1b02bdb21e1fca700	한국인터넷통신/1. 산업기술혁신사업 연구개발계획서(일반형, 통합형(세부), 병렬형(세부)_지역효과 추가_검토용/1. 산업기술혁신사업 연구개발계획서(일반형, 통합형(세부), 병렬형(세부)_지역효과 추가_검토용.hwp	060ab499a8f5d56400f51d4097c19196206739a5.txt
5907fe0018e011f1b02bdb21e1fca700	네이쳐원/(서식1) 사업계획서(소상공인분과)_2023년 AI바우처 지원사업_네이처원.hwp	4dfde9d1909c9e71ef6e7a23923458b0abcb0164.txt
5ac447ee18e011f1b02bdb21e1fca700	한국인터넷통신/1. 산업기술혁신사업 연구개발계획서(일반형, 통합형(세부), 병렬형(세부)_지역효과 추가_검토용/인튜웍스_수정분.hwp	d3ad0e196fd578813af5360252985e8560dd57c7.txt
5aff190018e011f1b02bdb21e1fca700	경상대학교/★1. 연구개발계획서 (그림 추가).hwp	4c2a400e2bd3b13df482d762b4cc95c21d762776.txt
5b2a3aa418e011f1b02bdb21e1fca700	경상대학교/★1. 연구개발계획서_양식.hwp	00d0e76c33688c896ffecb2a1a5ad3709dcad01e.txt
5b56cccc18e011f1b02bdb21e1fca700	경상대학교/★1. 연구개발계획서_양식_영기생각.hwp	6ffce65ea4b293ca2d4541a9d81673aff2ec7396.txt
5b7fe69818e011f1b02bdb21e1fca700	제출서류/1. 창업여부 자가진단표.hwp	23044854641a1333a9f703357cfda5962fd71d79.txt
5bbb7dfc18e011f1b02bdb21e1fca700	★1. 연구개발계획서 (그림 추가).hwp	252d43712479ae32875296281ef34cd264c59af7.txt
5be49f3e18e011f1b02bdb21e1fca700	★1. 연구개발계획서_양식.hwp	ff8e41cab693215ae1400aa631e573ea8edab5ae.txt
5cb5c62c18e011f1b02bdb21e1fca700	크래카/행안부과제/[별첨1] 연구개발계획서(KEIT표준안)_23.03.08_HSJ.hwp	05d4ea30605c5bf97ea05a7d021e9f2c3f4ac986.txt
5d6c61e818e011f1b02bdb21e1fca700	크래카/행안부과제/신청서류/[별첨1] 연구개발계획서(KEIT표준안).hwp	3e589b3b60da9301b4eafc95129b265bc8112b05.txt
5d9374cc18e011f1b02bdb21e1fca700	크래카/행안부과제/신청서류/[붙임1] 신청자격의 적정성 확인서(KEIT).hwp	386869dc02cc00f44958a5444bb67911806b7acc.txt
5dbef52018e011f1b02bdb21e1fca700	경상대학교/★1. 연구개발계획서_양식_L_Band_추가.hwp	589a187357e1c32018cdf1e2d77fc6b0989dea64.txt
5dcabc6618e011f1b02bdb21e1fca700	경상대학교/★1. 연구개발계획서 (그림 추가).pdf	d5279410b438ce7da04045945284e9df4c0ce838.pdf
5e2e9e6618e011f1b02bdb21e1fca700	경상대학교/★20230202_1. 연구개발계획서(통합).hwp	0041c6187a79c7923b718133e2ccd97e80487dba.txt
5e3d369218e011f1b02bdb21e1fca700	경상대학교/★20230202_1. 연구개발계획서(통합).pdf	4910107297f3c9d39114c5012aab7de1c3166c1f.pdf
5eca7d4a18e011f1b02bdb21e1fca700	경상대학교/★20230203_1. 연구개발계획서_ver.2_영기.hwp	817c7389f2202f76318d84f8f9443998814a9fe9.txt
5f25094018e011f1b02bdb21e1fca700	★20230203_1. 연구개발계획서_ver.4(최종).hwp	6f81b4a2ee32cbbea8a3611c1d854e0ad5c844fe.txt
5f2fbb1a18e011f1b02bdb21e1fca700	경상대학교/20230817_과업수행내역.pdf	0ca52444bd2afe4ee0d717dacc87823843cf34cb.pdf
5f3ee2fc18e011f1b02bdb21e1fca700	경상대학교/20230817_연구실적 요약.pdf	cc71e50e11616e4c5c88f67c94cb327b8abfad2b.pdf
5f74b3f018e011f1b02bdb21e1fca700	[인튜웍스]전자인감, 전자서명 (2)/[인튜웍스]전자인감, 전자서명/최성호_도장 (2).pdf	dee2d13c8d727521e74cf38ca88289755b4cf606.pdf
5f83ff1818e011f1b02bdb21e1fca700	230312_01_서식1호_연구소기업_역량강화연구소기업_R&BD_사업계획서.pdf	a07e1db1c87eec87c2f0c46b0f16a21a4ed67be2.pdf
606d4c0e18e011f1b02bdb21e1fca700	250218_0300 초격차 사업계획서.hwp	f15bac2e5ca973597a0521167dc9221135918704.txt
609278bc18e011f1b02bdb21e1fca700	공동연구개발기관책임자_박영기 (2).hwp	3c5e89c4a1a671cbdeedd8926a9e5359b55a460a.txt
60b652fa18e011f1b02bdb21e1fca700	공동연구개발책임자_최성호 (2).hwp	ac2211cdabfb7e39134c8e13a91bcec7307ad033.txt
60dbeb3c18e011f1b02bdb21e1fca700	크래카/행안부과제/신청서류/[붙임2] 연구개발과제 참여의사 확인서(KEIT).hwp	de2187382e4e3d1402fda3d8ed0665e68407b0a0.txt
6103e20e18e011f1b02bdb21e1fca700	크래카/행안부과제/신청서류/[별첨2] 신규과제 선정평가 분야 신청서(KEIT).hwp	db01272021c75462fd2987cfaae83b0a1902ebb0.txt
61348f6218e011f1b02bdb21e1fca700	제출서류/3. 서류평가 통과자 제출서류 양식_(창업기업용) (1).hwp	7ac01f38063181cdfbd096e7299700ff772c491f.txt
6162fc2618e011f1b02bdb21e1fca700	제출서류/3. 서류평가 통과자 제출서류 양식_(창업기업용).hwp	0e99447f5ccf9410cef777c0e6a2192161b4072e.txt
6188899618e011f1b02bdb21e1fca700	크래카/행안부과제/신청서류/[붙임3] 개인정보 및 과세정보 제공활용동의서(KEIT).hwp	6d981537d761b324efcb5c4ee2e9655204aaef6e.txt
61a8585218e011f1b02bdb21e1fca700	크래카/행안부과제/신청서류/[별첨3] 가감점 신청서 및 관련 증빙서류(KEIT).hwp	22d51ee0fd8796d33797a4701634874d94d4e99e.txt
61db235e18e011f1b02bdb21e1fca700	크래카/행안부과제/신청서류/[붙임4] 연구시설장비 심의요청서_연구시설장비별 구축계획서(KEIT).hwp	031afeb81a34ca38f6ba1635a6d43b2334afe707.txt
61e2a8ae18e011f1b02bdb21e1fca700	인튜웍스_제5기_주주총회_서면결의서2023_03_17.pdf	f380f5a8d9dce7110e7fc0354072182aebbd30dd.pdf
61ee607218e011f1b02bdb21e1fca700	긱스로프트/AES-145AbstractPrecis_13 (1).pdf	8cfe4b60c550d876b672990ca1fd22fe9c8695fc.pdf
61fe975818e011f1b02bdb21e1fca700	긱스로프트/AES-145AbstractPrecis_13.pdf	00c1046100308207dad996b63312ba2f48a0b132.pdf
62cb645418e011f1b02bdb21e1fca700	한국인터넷통신/AI voucher_20210302_1415(최종).hwp	6fb17e16d5f30f78f8554b6209e0b2289fc41e1d.txt
6391ff1a18e011f1b02bdb21e1fca700	인빅/AI voucher_20210302_1415(최종).hwp	6b59c0c23855b72ba3a901e63e8c0f2676bcee9b.txt
639ebad418e011f1b02bdb21e1fca700	Cloud_Edge AI 플랫폼 적용을 위한 스마트조명 GW 시작품 제작 용역 (230601).pdf	0444e9dd3495ac88b02be7d44c32cf06e3793e7c.pdf
63b182fe18e011f1b02bdb21e1fca700	★반드시 보세요★ 산학연 Collabo 협약 전 변경 업무단계_매뉴얼.pdf	fbd278aeaed0b4c25226071afec691ce6b9fcbfa.pdf
63c147d418e011f1b02bdb21e1fca700	네이쳐원/devel/imagededup/dup/lib/python3.8/site-packages/matplotlib-3.7.1-py3.8-linux-x86_64.egg/matplotlib/mpl-data/images/back.pdf	0b26cf4746c5a9f06e6431b8550eed55404f168f.pdf
63ca3bb418e011f1b02bdb21e1fca700	네이쳐원/devel/imagededup/dup/lib/python3.8/site-packages/matplotlib-3.7.1-py3.8-linux-x86_64.egg/matplotlib/mpl-data/images/filesave.pdf	21a12e75f2435f80b8b632cb64321b1c49eb9028.pdf
63d38dfe18e011f1b02bdb21e1fca700	네이쳐원/devel/imagededup/dup/lib/python3.8/site-packages/matplotlib-3.7.1-py3.8-linux-x86_64.egg/matplotlib/mpl-data/images/forward.pdf	59ffae4637ae8ed314f5f963dec2d388613dd173.pdf
63dcf18218e011f1b02bdb21e1fca700	네이쳐원/devel/imagededup/dup/lib/python3.8/site-packages/matplotlib-3.7.1-py3.8-linux-x86_64.egg/matplotlib/mpl-data/images/hand.pdf	f8b34ffd9eb3df3f93a8e42bedf820622213f047.pdf
63e6b65418e011f1b02bdb21e1fca700	네이쳐원/devel/imagededup/dup/lib/python3.8/site-packages/matplotlib-3.7.1-py3.8-linux-x86_64.egg/matplotlib/mpl-data/images/help.pdf	e2f427e25e97e0a1d0ec9be02860c69bfa2a3ac0.pdf
63f05e0218e011f1b02bdb21e1fca700	네이쳐원/devel/imagededup/dup/lib/python3.8/site-packages/matplotlib-3.7.1-py3.8-linux-x86_64.egg/matplotlib/mpl-data/images/home.pdf	dc0b09cee504991c9d4440fc6e148909189dda45.pdf
63faab3218e011f1b02bdb21e1fca700	네이쳐원/devel/imagededup/dup/lib/python3.8/site-packages/matplotlib-3.7.1-py3.8-linux-x86_64.egg/matplotlib/mpl-data/images/matplotlib.pdf	5f723127df532872af9abb95354f3cbf0d31c2a1.pdf
64044f2018e011f1b02bdb21e1fca700	네이쳐원/devel/imagededup/dup/lib/python3.8/site-packages/matplotlib-3.7.1-py3.8-linux-x86_64.egg/matplotlib/mpl-data/images/move.pdf	81cb85995fcab2e46ed73faab461efa7f5c2ffcf.pdf
640eca0e18e011f1b02bdb21e1fca700	네이쳐원/devel/imagededup/dup/lib/python3.8/site-packages/matplotlib-3.7.1-py3.8-linux-x86_64.egg/matplotlib/mpl-data/images/qt4_editor_options.pdf	166391abe158a07256f18fdcc481b5950bc6eda2.pdf
641cb40218e011f1b02bdb21e1fca700	네이쳐원/devel/imagededup/dup/lib/python3.8/site-packages/matplotlib-3.7.1-py3.8-linux-x86_64.egg/matplotlib/mpl-data/images/subplots.pdf	35cea4668eca28485dc7dd7a596f46f01a2c2d3d.pdf
659347d818e011f1b02bdb21e1fca700	네이쳐원/devel/imagededup/dup/lib/python3.8/site-packages/matplotlib-3.7.1-py3.8-linux-x86_64.egg/matplotlib/mpl-data/images/zoom_to_rect.pdf	69169899759412c3c85ce0d73dfd79cb5466434f.pdf
65b7f29a18e011f1b02bdb21e1fca700	네이쳐원/devel/labelme/examples/instance_segmentation/hospital/neck_bone/2022년도 기술지주회사 자회사R&BD지원사업 진도점검 결과 통보_에트리홀딩스.hwp	4723859a338243193810e79f08fc064a5a902b32.txt
65c8cdae18e011f1b02bdb21e1fca700	네이쳐원/devel/labelme/examples/instance_segmentation/hospital/neck_bone/종합의견서_에트리홀딩스.pdf	0f6b3e9ca765e58a385f7ddff7d0df80557367c0.pdf
65df49da18e011f1b02bdb21e1fca700	네이쳐원/devel/labelme/label/lib/python3.8/site-packages/matplotlib/mpl-data/images/back.pdf	2b8d553e335c0e45ee0e19d64d44db78ecf82aaf.pdf
65e95aa618e011f1b02bdb21e1fca700	네이쳐원/devel/labelme/label/lib/python3.8/site-packages/matplotlib/mpl-data/images/filesave.pdf	63112d518b8eb69ff7f7ae28ac89897647e368c6.pdf
65f3886e18e011f1b02bdb21e1fca700	네이쳐원/devel/labelme/label/lib/python3.8/site-packages/matplotlib/mpl-data/images/forward.pdf	fc1e01ede7b400541e694a804e7b6c080f450c49.pdf
65fc45da18e011f1b02bdb21e1fca700	네이쳐원/devel/labelme/label/lib/python3.8/site-packages/matplotlib/mpl-data/images/hand.pdf	70d0931b36c9adcc1408c174072d8a39efc803d6.pdf
660544c818e011f1b02bdb21e1fca700	네이쳐원/devel/labelme/label/lib/python3.8/site-packages/matplotlib/mpl-data/images/help.pdf	cb4f0ac85817d64c663f25fbdb9140bea5445fc5.pdf
660f585018e011f1b02bdb21e1fca700	네이쳐원/devel/labelme/label/lib/python3.8/site-packages/matplotlib/mpl-data/images/home.pdf	fbe052b7be5e58e8c76cd2d228b1d26090d33d5f.pdf
6619583c18e011f1b02bdb21e1fca700	네이쳐원/devel/labelme/label/lib/python3.8/site-packages/matplotlib/mpl-data/images/matplotlib.pdf	6824763aeba78f5f3b7df781571454e1e2178ce4.pdf
6623fa8018e011f1b02bdb21e1fca700	네이쳐원/devel/labelme/label/lib/python3.8/site-packages/matplotlib/mpl-data/images/move.pdf	4083682a9e548b1b39378d54625b91454d84a320.pdf
662cb58a18e011f1b02bdb21e1fca700	네이쳐원/devel/labelme/label/lib/python3.8/site-packages/matplotlib/mpl-data/images/qt4_editor_options.pdf	f8406ca645f48e3f971cbd7a6cb8c08c435a401f.pdf
6637f93618e011f1b02bdb21e1fca700	네이쳐원/devel/labelme/label/lib/python3.8/site-packages/matplotlib/mpl-data/images/subplots.pdf	d0fdb6623b543d2df1f82fda31c638c43d5dabe8.pdf
66417c5418e011f1b02bdb21e1fca700	네이쳐원/devel/labelme/label/lib/python3.8/site-packages/matplotlib/mpl-data/images/zoom_to_rect.pdf	9053986a74e742f9e1d638e055071d5f82e15326.pdf
664b46ee18e011f1b02bdb21e1fca700	네이쳐원/devel/labelme/label/lib/python3.8/site-packages/mpl_toolkits/tests/baseline_images/test_axes_grid1/divider_append_axes.pdf	523b4d02516dcf9cb7608841b9ff17221deb1414.pdf
665b4a2618e011f1b02bdb21e1fca700	네이쳐원/devel/yolact/animal/lib/python3.8/site-packages/matplotlib/mpl-data/images/back.pdf	0f2caaf65f53633be0a89e3d148966047bc6d53f.pdf
6665b93e18e011f1b02bdb21e1fca700	네이쳐원/devel/yolact/animal/lib/python3.8/site-packages/matplotlib/mpl-data/images/filesave.pdf	16e8083b617f4b68ed4a0bfe16dcd93f628c7569.pdf
666fa91218e011f1b02bdb21e1fca700	네이쳐원/devel/yolact/animal/lib/python3.8/site-packages/matplotlib/mpl-data/images/forward.pdf	4fa206369ff2fcac5acc70c02da4f348abd891f4.pdf
6678a8f018e011f1b02bdb21e1fca700	네이쳐원/devel/yolact/animal/lib/python3.8/site-packages/matplotlib/mpl-data/images/hand.pdf	a322263a5da7fb1438c6e88ec9d0f794c07feca0.pdf
6683b51018e011f1b02bdb21e1fca700	네이쳐원/devel/yolact/animal/lib/python3.8/site-packages/matplotlib/mpl-data/images/help.pdf	44561ba3bc1fa51e002f0e46f5cc12f2c6358b55.pdf
668d45b218e011f1b02bdb21e1fca700	네이쳐원/devel/yolact/animal/lib/python3.8/site-packages/matplotlib/mpl-data/images/home.pdf	a8f47568d9d968d789910261a6972d0d66bb3967.pdf
66968a6e18e011f1b02bdb21e1fca700	네이쳐원/devel/yolact/animal/lib/python3.8/site-packages/matplotlib/mpl-data/images/matplotlib.pdf	4652b65ccbe3aca7011ac04d4e5171b64ccaf11f.pdf
669fe52818e011f1b02bdb21e1fca700	네이쳐원/devel/yolact/animal/lib/python3.8/site-packages/matplotlib/mpl-data/images/move.pdf	602de11cd1ba0fab5a237d4ebdf8516ac347b440.pdf
66a939b618e011f1b02bdb21e1fca700	네이쳐원/devel/yolact/animal/lib/python3.8/site-packages/matplotlib/mpl-data/images/qt4_editor_options.pdf	bd39bb816aa782d7493a7b24f19472bbec7a1415.pdf
66b2515e18e011f1b02bdb21e1fca700	네이쳐원/devel/yolact/animal/lib/python3.8/site-packages/matplotlib/mpl-data/images/subplots.pdf	cfc5f5b8ee4b617623e76f5570cc5958034504a7.pdf
66bc1ed218e011f1b02bdb21e1fca700	네이쳐원/devel/yolact/animal/lib/python3.8/site-packages/matplotlib/mpl-data/images/zoom_to_rect.pdf	ebdfccf6b2cb6c00db469610e58045ad9565c2aa.pdf
66c4850e18e011f1b02bdb21e1fca700	네이쳐원/devel/yolov8/nature/lib/python3.8/site-packages/matplotlib/mpl-data/images/back.pdf	94d779471fbf963eb25ef5885d5ec4c94edd80cd.pdf
66cdc2c218e011f1b02bdb21e1fca700	네이쳐원/devel/yolov8/nature/lib/python3.8/site-packages/matplotlib/mpl-data/images/filesave.pdf	16451a3a7af202d08a95bff94c842e513c02cd27.pdf
66d6d49818e011f1b02bdb21e1fca700	네이쳐원/devel/yolov8/nature/lib/python3.8/site-packages/matplotlib/mpl-data/images/forward.pdf	2afc59ada375cbb48c0813bcb25eb4833f31e99d.pdf
66e39b7e18e011f1b02bdb21e1fca700	네이쳐원/devel/yolov8/nature/lib/python3.8/site-packages/matplotlib/mpl-data/images/hand.pdf	b46ca2ac2f9a7c1d57daad0d154b1e948c22febc.pdf
66f065f218e011f1b02bdb21e1fca700	네이쳐원/devel/yolov8/nature/lib/python3.8/site-packages/matplotlib/mpl-data/images/help.pdf	7b24a996da43bdf2b8935aa704bed6b712209f16.pdf
66fc265818e011f1b02bdb21e1fca700	네이쳐원/devel/yolov8/nature/lib/python3.8/site-packages/matplotlib/mpl-data/images/home.pdf	3091c65aed40152b329db167691f2d9ea19d2b1d.pdf
6708508618e011f1b02bdb21e1fca700	네이쳐원/devel/yolov8/nature/lib/python3.8/site-packages/matplotlib/mpl-data/images/matplotlib.pdf	fb53a79f58000667d167a91aab0742379e8f98ce.pdf
6714b5a618e011f1b02bdb21e1fca700	네이쳐원/devel/yolov8/nature/lib/python3.8/site-packages/matplotlib/mpl-data/images/move.pdf	db7c0d401d4a654e62a8cb07613236d5e4978c14.pdf
6720c4fe18e011f1b02bdb21e1fca700	네이쳐원/devel/yolov8/nature/lib/python3.8/site-packages/matplotlib/mpl-data/images/qt4_editor_options.pdf	d920ebdff736fe8feb161c8bc8692a1387112f02.pdf
672ca6d418e011f1b02bdb21e1fca700	네이쳐원/devel/yolov8/nature/lib/python3.8/site-packages/matplotlib/mpl-data/images/subplots.pdf	e6e7f0ab064a43d84b82620658fca1d6c57345fd.pdf
673b699e18e011f1b02bdb21e1fca700	네이쳐원/devel/yolov8/nature/lib/python3.8/site-packages/matplotlib/mpl-data/images/zoom_to_rect.pdf	f9101a19db1babc0a5ba997943c97bd341ea6adf.pdf
67ea603e18e011f1b02bdb21e1fca700	네이쳐원/Docs/(서식1) 사업계획서(소상공인분과)_2023년 AI바우처 지원사업_네이처원_ver.2.hwp	6c0de3331b7ea455d6a6cfad134ab9a94c961f46.txt
68ab505a18e011f1b02bdb21e1fca700	네이쳐원/Docs/(서식1) 사업계획서(소상공인분과)_2023년 AI바우처 지원사업_네이처원_Ver.3.hwp	e39ca59e16444d9fcdd3e99b5a32d70180e287e4.txt
68b4c74818e011f1b02bdb21e1fca700	네이쳐원/Docs/별지서식 12호 협약 내용 변경 신청서 - 네이처원.pdf	64df556120cfb0d0e6e4c8671e227d7ad3d39e5b.pdf
68f5f79018e011f1b02bdb21e1fca700	네이쳐원/Docs/디딤돌. 연구개발계획서 본문1_초안.hwp	d889a509cc9ac0f5f051d3b4232a04b43f603329.txt
6972b8ca18e011f1b02bdb21e1fca700	네이쳐원/Docs/(필수) 2. 연구개발계획서 본문1.hwp	2f031005f912b3f7727bb93a1d97d98f399766e9.txt
6a07e67018e011f1b02bdb21e1fca700	네이쳐원/Docs/(필수) 2. 연구개발계획서 본문1_서명추가.hwp	a154a3c255579543cdd0f26d10115d82862e752f.txt
6a6b247e18e011f1b02bdb21e1fca700	네이쳐원/Docs/2. 2022년 데이터바우처지원사업 수요기업 수행 결과보고서_네이처원 (1).hwp	2d601d2ce0892fd581534107c3b54dc3b57172de.txt
6b13b44a18e011f1b02bdb21e1fca700	네이쳐원/Docs/2. 2022년 데이터바우처지원사업 수요기업 수행 결과보고서_네이처원.hwp	8ebf198297ee2e4cbd76aed622c3301fa221fc98.txt
6b3889b418e011f1b02bdb21e1fca700	네이쳐원/Docs/230329_1500_AI바우처야생동물_사업계획서.pdf	acfaf3df50ad03cffe5c4f5efe8b8c05edf954fe.pdf
6cb2fe1e18e011f1b02bdb21e1fca700	네이쳐원/Docs/230331_0030_AI바우처야생동물_사업계획서_영기메모추가.hwp	ce5a82197efe87c13a106a0f0134659c1d70d206.txt
6cc73c1218e011f1b02bdb21e1fca700	네이쳐원/Docs/230331_0030_AI바우처야생동물_사업계획서_영기메모추가.pdf	24f33a7e81ecaac1157903956da4cbcc2721c38a.pdf
6cf5ef8018e011f1b02bdb21e1fca700	네이쳐원/Docs/230331_0400_AI바우처야생동물_사업계획서.pdf	3d5cbaf32c6711a5a121811d423ff0769dca1bdf.pdf
6e160b3418e011f1b02bdb21e1fca700	네이쳐원/Docs/역할분담2_jeju.hwp	b2cb067405e39ecac6e431563274a1ff307c5b79.txt
70fac73618e011f1b02bdb21e1fca700	네이쳐원/Docs/3 .2022년 데이터바우처 지원사업 사업계획서(네이처원).hwp	b9c6b228fe38f92b8dffbe38631f96ec5efce878.txt
716a8d0018e011f1b02bdb21e1fca700	네이쳐원/Docs/필수_4_중소기업기술개발사업_개인정보_수집·이용_동의서.hwp	a9c3c04f7bfed0787a4cd8fc3c0ee6eec9289876.txt
7175d9c618e011f1b02bdb21e1fca700	네이쳐원/Docs/AI바우처야생동물_사업계획서_최종.pdf	32e5f01dcde9552b520499d6f789645aad73ecdf.pdf
7192a8b218e011f1b02bdb21e1fca700	네이쳐원/Docs/energies-13-06104.pdf	4826e4c512975c7094395f65638399877cf55ddb.pdf
7311182c18e011f1b02bdb21e1fca700	네이쳐원/Docs/과제목표수정_박.hwp	598efc4a15af10005ca95d05d91fb152aa3d6998.txt
7323d93a18e011f1b02bdb21e1fca700	네이쳐원/Docs/NPRI 2020-45 야생동물 영상인식 딥러닝 소프트웨어 개발 연구(1차년도) (5).pdf	15641ddca3449cfb7e69239ff44fc83dd9ebc6f8.pdf
738d82a418e011f1b02bdb21e1fca700	etri_holdings/1_연구소기업 등록(변경등록) 신청서.hwp	3edbad6aae7b4e6753ff63282581048f9655cfef.txt
73aeddf018e011f1b02bdb21e1fca700	etri_holdings/231226_결정문_인튜웍스_대전 23카합50336.pdf	eae4c9f3e0be40cf89f057459e9646f42c7f8d7d.pdf
74025b0618e011f1b02bdb21e1fca700	etri_holdings/2_연구소기업 변경사실 통보서.hwp	62b95596683a564af4f260451f819326e542744e.txt
740f149a18e011f1b02bdb21e1fca700	etri_holdings/2.pdf	3e18923a37ed196014fc17e8e06f746775f7eae9.pdf
7446c73218e011f1b02bdb21e1fca700	etri_holdings/6. 변경 소재지 운영현황.hwp	b07844cffeef07807918ae92e84fb2e4d103ad3a.txt
747e9e9618e011f1b02bdb21e1fca700	etri_holdings/[인튜웍스] 경영현황.hwp	4e3d5557c9d2cdf828234342d2e5cf1271c71b57.txt
748b8b4218e011f1b02bdb21e1fca700	ETRI/HPC/Docs/스케치_최종수정_190529.pdf	8ed838979dc802a68baae758e4f47afa7f1a7a99.pdf
749e989a18e011f1b02bdb21e1fca700	ETRI/RADAR/기술동향28-2_077-085.pdf	dff33ee27f6536990ca3d2c33210d40094e8d31a.pdf
74b6136c18e011f1b02bdb21e1fca700	ETRI/RADAR/A_Centimeter_Resolution_10_m_Range_CMOS_Impulse_Radio_Radar_for_Human_Motion_Monitoring.pdf	6dd12c97c20168176dd85afe7dbc4815af33bece.pdf
74d3486018e011f1b02bdb21e1fca700	ETRI/RADAR/A_through-wall_radar_transceiver_for_fire-fighting_operations.pdf	e0baa8eb49cabfcda331264182552cdbc9409b97.pdf
74fdda8a18e011f1b02bdb21e1fca700	ETRI/RADAR/벽투과_레이더기술_ETRI_IR_UWB.pdf	0516eef269b44f6b7dc8f92bdfa3cb2ab52f9c3f.pdf
75144d3818e011f1b02bdb21e1fca700	ETRI/SmartLight/docs/esp32-wroom-32_datasheet_en.pdf	fb20f17b554345d3acd7cf7e9c3c74252221af7c.pdf
7535c72e18e011f1b02bdb21e1fca700	ETRI/SmartLight/docs/RF D&C RFSM22A_사용설명서_Ver1.pdf	881dd926aba06fda9dd893051b67cb59dc4eabec.pdf
7548ad1218e011f1b02bdb21e1fca700	ETRI/SmartLight/light_env/lib/python3.8/site-packages/matplotlib/mpl-data/images/back.pdf	46078b6c9604fbb8b774e917cd5e5ff0f913faa3.pdf
7556e59e18e011f1b02bdb21e1fca700	ETRI/SmartLight/light_env/lib/python3.8/site-packages/matplotlib/mpl-data/images/filesave.pdf	4d1fb33c12da7303f1a958f2a7d1cc84458ae47c.pdf
7565af3e18e011f1b02bdb21e1fca700	ETRI/SmartLight/light_env/lib/python3.8/site-packages/matplotlib/mpl-data/images/forward.pdf	66071d5869798b62efd37bf26cbaafab1ca1ff9e.pdf
7574bf4218e011f1b02bdb21e1fca700	ETRI/SmartLight/light_env/lib/python3.8/site-packages/matplotlib/mpl-data/images/hand.pdf	093245dbd73c8142ab86b9e022227a2d18008fce.pdf
7588069218e011f1b02bdb21e1fca700	ETRI/SmartLight/light_env/lib/python3.8/site-packages/matplotlib/mpl-data/images/help.pdf	125b8234da99eaf1b1a2a9f241a6eb8bd754114b.pdf
7596af3a18e011f1b02bdb21e1fca700	ETRI/SmartLight/light_env/lib/python3.8/site-packages/matplotlib/mpl-data/images/home.pdf	ab69a93c2a014de2731d25904de524aaa2d79a6f.pdf
75a5cae218e011f1b02bdb21e1fca700	ETRI/SmartLight/light_env/lib/python3.8/site-packages/matplotlib/mpl-data/images/matplotlib.pdf	9a0c517f928125513afe28d1b59f1978ae0405e9.pdf
75b7bfa418e011f1b02bdb21e1fca700	ETRI/SmartLight/light_env/lib/python3.8/site-packages/matplotlib/mpl-data/images/move.pdf	4f5c18dd36bd716113a162679d22c5ad7c3f89ca.pdf
75c6c04e18e011f1b02bdb21e1fca700	ETRI/SmartLight/light_env/lib/python3.8/site-packages/matplotlib/mpl-data/images/qt4_editor_options.pdf	bc225f82d358be8289aab7db154eac9f9d4e3fec.pdf
75d409e818e011f1b02bdb21e1fca700	ETRI/SmartLight/light_env/lib/python3.8/site-packages/matplotlib/mpl-data/images/subplots.pdf	a79b7aacd01bf9cd9582e5f13c3989db9a9dbadc.pdf
75e462a218e011f1b02bdb21e1fca700	ETRI/SmartLight/light_env/lib/python3.8/site-packages/matplotlib/mpl-data/images/zoom_to_rect.pdf	22df16ba4b7fcde4655afc1f015b1aa6bbf3a0bb.pdf
75f4c07018e011f1b02bdb21e1fca700	 etri_tmp/(20240508) 지능형 시스템 PoC_인튜웍스 (1).pdf	1bacc92e977fed231c442338758eb33814301bd9.pdf
760427ea18e011f1b02bdb21e1fca700	 etri_tmp/(20240508) 지능형 시스템 PoC_인튜웍스.pdf	c63d047d334fb98a0c200d81a8d8559bf766ddb0.pdf
7615f15a18e011f1b02bdb21e1fca700	 etri_tmp/esp32-wroom-32_datasheet_en.pdf	b1c9b3aab2eca3303193bd13de25377504462d20.pdf
7645024218e011f1b02bdb21e1fca700	 etri_tmp/RF D&C RFSM22A_사용설명서_Ver1.pdf	6ec873e800e0fe22e5b75e54435bf4e1207f2194.pdf
7656617218e011f1b02bdb21e1fca700	한국인터넷통신/gesture-recognition-csi/csi/lib/python3.8/site-packages/matplotlib/mpl-data/images/back.pdf	7e42ab19fabf6cc7d0cbde5086270822526833a1.pdf
7662ef3c18e011f1b02bdb21e1fca700	한국인터넷통신/gesture-recognition-csi/csi/lib/python3.8/site-packages/matplotlib/mpl-data/images/filesave.pdf	7c46ecf447a5d98d6adcacee52202647293ba674.pdf
7672a0da18e011f1b02bdb21e1fca700	한국인터넷통신/gesture-recognition-csi/csi/lib/python3.8/site-packages/matplotlib/mpl-data/images/forward.pdf	98028c7c58c6c3a80a0d932923bc3c73fc30e11a.pdf
76807ab618e011f1b02bdb21e1fca700	한국인터넷통신/gesture-recognition-csi/csi/lib/python3.8/site-packages/matplotlib/mpl-data/images/hand.pdf	d5cd74b5f14ee2839ae4e73b2db6610d68158aa0.pdf
768d15aa18e011f1b02bdb21e1fca700	한국인터넷통신/gesture-recognition-csi/csi/lib/python3.8/site-packages/matplotlib/mpl-data/images/help.pdf	bc22d3ddd181bf2850655b0de9665e07ced0f976.pdf
76989aa618e011f1b02bdb21e1fca700	한국인터넷통신/gesture-recognition-csi/csi/lib/python3.8/site-packages/matplotlib/mpl-data/images/home.pdf	564acba299fdd4bb247eeb32201803f7b3260b10.pdf
76a4cf9218e011f1b02bdb21e1fca700	한국인터넷통신/gesture-recognition-csi/csi/lib/python3.8/site-packages/matplotlib/mpl-data/images/matplotlib.pdf	72586092fe6ff4bbac959552f28eb226812d82f8.pdf
76ba94e418e011f1b02bdb21e1fca700	한국인터넷통신/gesture-recognition-csi/csi/lib/python3.8/site-packages/matplotlib/mpl-data/images/move.pdf	cbb2fe8fbe7cbb1ab8df3974ef5a1bdfc66c3ab9.pdf
76d3b5fa18e011f1b02bdb21e1fca700	한국인터넷통신/gesture-recognition-csi/csi/lib/python3.8/site-packages/matplotlib/mpl-data/images/qt4_editor_options.pdf	2b1eb7f2cabb18959226a27f9add358493a19881.pdf
76e21bfe18e011f1b02bdb21e1fca700	한국인터넷통신/gesture-recognition-csi/csi/lib/python3.8/site-packages/matplotlib/mpl-data/images/subplots.pdf	7559cf9c9448f880c7d40bac34f0126a7267dae0.pdf
76eee5c818e011f1b02bdb21e1fca700	한국인터넷통신/gesture-recognition-csi/csi/lib/python3.8/site-packages/matplotlib/mpl-data/images/zoom_to_rect.pdf	099b67e14688db92c28ba2c5d437a3fe4fb60b5a.pdf
770b86c418e011f1b02bdb21e1fca700	한국인터넷통신/gesture-recognition-csi-master/gesture-recognition-csi-master/WNFA_Final_Project_Report.pdf	3365e0736c4b35a5f0b5d0ed98dc91e9d034d366.pdf
7786d6e418e011f1b02bdb21e1fca700	hanbit/ssuim/EfficientPose/venv/Lib/site-packages/matplotlib/mpl-data/images/back.pdf	b5d8b2ccac76f99496bfe053e5047ccd636516d1.pdf
77946c1e18e011f1b02bdb21e1fca700	hanbit/ssuim/EfficientPose/venv/Lib/site-packages/matplotlib/mpl-data/images/filesave.pdf	353164696a972dd5f04b93375e59c0c53723f38a.pdf
77a72dc218e011f1b02bdb21e1fca700	hanbit/ssuim/EfficientPose/venv/Lib/site-packages/matplotlib/mpl-data/images/forward.pdf	1bf25f9ce27cf6a6142729f0da9e03e876f74f55.pdf
77ba61da18e011f1b02bdb21e1fca700	hanbit/ssuim/EfficientPose/venv/Lib/site-packages/matplotlib/mpl-data/images/hand.pdf	1561264edd7ebfd5cda5bca207ce2f6961362051.pdf
79cb74dc18e011f1b02bdb21e1fca700	hanbit/ssuim/EfficientPose/venv/Lib/site-packages/matplotlib/mpl-data/images/help.pdf	5bb922f0b1c0edda1ca079dfb04feee731819806.pdf
79d88d2a18e011f1b02bdb21e1fca700	hanbit/ssuim/EfficientPose/venv/Lib/site-packages/matplotlib/mpl-data/images/home.pdf	b2a0c4a9be6fbe9c9b2388c7445ec49d4a566430.pdf
79e661ac18e011f1b02bdb21e1fca700	hanbit/ssuim/EfficientPose/venv/Lib/site-packages/matplotlib/mpl-data/images/matplotlib.pdf	3c64ee54e20172fed86a0fb43d674a5ecdb2a99b.pdf
79f4582a18e011f1b02bdb21e1fca700	hanbit/ssuim/EfficientPose/venv/Lib/site-packages/matplotlib/mpl-data/images/move.pdf	acf9c47f047765fc11e4d6b2801858dbb5264448.pdf
7a01f5c018e011f1b02bdb21e1fca700	hanbit/ssuim/EfficientPose/venv/Lib/site-packages/matplotlib/mpl-data/images/qt4_editor_options.pdf	d31527584c4d094b75b4bad00c63f72b6ff67fbc.pdf
7a0ee1a418e011f1b02bdb21e1fca700	hanbit/ssuim/EfficientPose/venv/Lib/site-packages/matplotlib/mpl-data/images/subplots.pdf	fa5ae9e22d0ad0af3001f9df1f24a15c6d7e7157.pdf
7a1bd1f218e011f1b02bdb21e1fca700	hanbit/ssuim/EfficientPose/venv/Lib/site-packages/matplotlib/mpl-data/images/zoom_to_rect.pdf	b63951d0768eed834fb3d4cc9634f26930ce09df.pdf
7a28d87a18e011f1b02bdb21e1fca700	hanbit/ssuim/pytorch-openpose-master/venv/Lib/site-packages/matplotlib/mpl-data/images/back.pdf	c5e537614da91fea2d87b86a038278390595dee5.pdf
7a36e2f818e011f1b02bdb21e1fca700	hanbit/ssuim/pytorch-openpose-master/venv/Lib/site-packages/matplotlib/mpl-data/images/filesave.pdf	fad88ac9e0926048f25c3b472afe6dc238d8b375.pdf
7a446e5018e011f1b02bdb21e1fca700	hanbit/ssuim/pytorch-openpose-master/venv/Lib/site-packages/matplotlib/mpl-data/images/forward.pdf	9be5dac116f665db7432242f0f11672fe0f7f5cd.pdf
7a519d1418e011f1b02bdb21e1fca700	hanbit/ssuim/pytorch-openpose-master/venv/Lib/site-packages/matplotlib/mpl-data/images/hand.pdf	8021f6779f3bf93492973b735c8fca52809cb98c.pdf
7a63a5fe18e011f1b02bdb21e1fca700	hanbit/ssuim/pytorch-openpose-master/venv/Lib/site-packages/matplotlib/mpl-data/images/help.pdf	693ab87fdbad15b934a6d8966d5267c0676c8485.pdf
7a71565e18e011f1b02bdb21e1fca700	hanbit/ssuim/pytorch-openpose-master/venv/Lib/site-packages/matplotlib/mpl-data/images/home.pdf	cfe9be541e0ef4b01b6cc6ebe7035b759ba1ef83.pdf
7a7e6f7e18e011f1b02bdb21e1fca700	hanbit/ssuim/pytorch-openpose-master/venv/Lib/site-packages/matplotlib/mpl-data/images/matplotlib.pdf	ce23f4cda93b78145c9ca07dfe13998b97b87f5b.pdf
7a8c4bb218e011f1b02bdb21e1fca700	hanbit/ssuim/pytorch-openpose-master/venv/Lib/site-packages/matplotlib/mpl-data/images/move.pdf	903d7ab3a938e317d66236c4929956dcf6b7d6f3.pdf
7a999ae218e011f1b02bdb21e1fca700	hanbit/ssuim/pytorch-openpose-master/venv/Lib/site-packages/matplotlib/mpl-data/images/qt4_editor_options.pdf	fa8e7f9e79d1fd2d2c2c0f3736950b78b946ecd7.pdf
7aa6deb418e011f1b02bdb21e1fca700	hanbit/ssuim/pytorch-openpose-master/venv/Lib/site-packages/matplotlib/mpl-data/images/subplots.pdf	6751d477948400d22d845a31c5616f38f2932040.pdf
7ab312ba18e011f1b02bdb21e1fca700	hanbit/ssuim/pytorch-openpose-master/venv/Lib/site-packages/matplotlib/mpl-data/images/zoom_to_rect.pdf	956166e6e8e46ffcce8dc4b2fa8bebe67fd42ed6.pdf
7ac163ec18e011f1b02bdb21e1fca700	hanbit/ssuim/StreetDanceRecognition-master/StreetDanceRecognition-master/Poster.pdf	24c398faa4d9fbf60e69f98bbb1e543b51122658.pdf
7b43fbb818e011f1b02bdb21e1fca700	인튜웍스사업계획.hwp	bcd6e77a53147b2a1491f954206caad4ebf4aec7.txt
7b8024e418e011f1b02bdb21e1fca700	긱스로프트/비밀-유지계약서.hwp	e518ae5124482519794eb0cbc445a3f933934a64.txt
7bee125618e011f1b02bdb21e1fca700	네이쳐원/요구사항 정의서_네이처원.hwp	8fad6c39adad73e2332af3a9a11cac64ab15d60a.txt
7f20426418e011f1b02bdb21e1fca700	제출서류/촘.hwp	bc5f163af37c2b173778c63476c121f9797145fc.txt
80244c9618e011f1b02bdb21e1fca700	붙임_제출서류_양식.hwp	10941aefb2d72555b27e379d838216d1dac83601.txt
8060f1c818e011f1b02bdb21e1fca700	Intuworks/2024년 창업도약패키지 K-water 펀드링크(연합 IR_2차) 프로그램 참가신청서_기업명 (1).hwp	9d40d9d296cc308e986dc93bb4df55a66c7111fa.txt
8098fcf818e011f1b02bdb21e1fca700	Intuworks/2024년 창업도약패키지 K-water 펀드링크(연합 IR_2차) 프로그램 참가신청서_기업명.hwp	ca23b6af1d9768a9466fcf8cb2466e311bb8afc9.txt
80e1d23e18e011f1b02bdb21e1fca700	Intuworks/2024년 창업도약패키지 K-water 펀드링크(연합 IR_2차) 프로그램 참가신청서_ 인튜웍스.hwp	40808af012e3c304c3895bc0b3346df571e9c6a2.txt
80f9fd8218e011f1b02bdb21e1fca700	Intuworks/241119_0030_AI기반_우주기상_예측모델_데이터셋_구축사업_제안서_1권_원본.pdf	353131f101328df6f7465dcc54d1f0fc92b76f4c.pdf
811e92e618e011f1b02bdb21e1fca700	Intuworks/초안_(AI기반 우주기상 예측모델 데이터셋 구축사업) 제안서 1권_원본.pdf	717b3304b3be4f07fd158c2a8206aed67735c261.pdf
8147202618e011f1b02bdb21e1fca700	Intuworks/AI 기반 우주기상 예측모델 데이터셋 구축사업 제안.pdf	d0e20bbea6ff39e14f7833e3ece168c50a231982.pdf
815fe62418e011f1b02bdb21e1fca700	Intuworks/Docs/[공문]2023년도 대덕특구 연구소기업 사후관리 조사 협조요청.pdf	cb719732c36468f7cb46261395c52db104cb20cc.pdf
817034ca18e011f1b02bdb21e1fca700	Intuworks/Docs/230905_변경기일통지서_인튜웍스_대전 23카합50336.pdf	f6f485b0e019dc47869e4713b25c787b9ef6724a.pdf
8185862c18e011f1b02bdb21e1fca700	Intuworks/Docs/230919_(상)준비서면(소갑9~10포함)_인튜웍스_대전 23카합50336.pdf	46014131ca09e65ecde1d9d72524ac21b031d525.pdf
81c01af818e011f1b02bdb21e1fca700	Intuworks/Docs/붙임2.+(양식)개인(기업)정보+수집+및+이용+동의서_「데이터+활용사례+벤치마킹+지원+시범사업」+지원기업+모집+공고.hwp	1133fe6e2b9fc82798d8504a5e57ac8d48fb44be.txt
81ce3b0618e011f1b02bdb21e1fca700	Intuworks/Docs/AIMVF611_ÀÎ°øÁö´É ¼º´É°ËÁõ ¾È³».pdf	e029794a56310b2412500f3ea28099081fea62dc.pdf
81e2a86618e011f1b02bdb21e1fca700	Intuworks/Docs/º°Ã·/2023-224-VSW-R ½ÃÇè±â·Ï¼­(Rev 03)_½ÅÃ»±â°ü¿ë.pdf	9f05933248e5c78863a0aba821c25865db05261b.pdf
823501c418e011f1b02bdb21e1fca700	Intuworks/Docs/º°Ã·/[º°Ã·2] ÀÎÆ©¿÷½º 2Â÷³âµµ »ç¾÷°èÈ¹¼­ KSA Àü´Þ¿ë.hwp	1c1ff88110687241db05622265309f7f38448bd6.txt
8267735c18e011f1b02bdb21e1fca700	Intuworks/Docs/º°Ã·/[º°Ã·3] ÀÎÆ©¿÷½º_¼öÀÚ¿ø±â¼ú(ÁÖ) ½ÃÇèÇÕÀÇ¼­.hwp	342a2b2f1492c92d7f602d7714537145b8d7be44.txt
8274284018e011f1b02bdb21e1fca700	Intuworks/Docs/º°Ã·/[º°Ã·4] ÀÎÆ©¿÷½º 2023-224-VSW-R ½ÃÇè¼ºÀû¼­(Rev 03).pdf	2993bef44366239ffe4ebeebfa8ef32b3e37d638.pdf
828c2b1618e011f1b02bdb21e1fca700	Intuworks/Docs/[디프레임] 주식양수도계약서 사본.pdf	29ab1438060c464d957cc42d6d8e3421e4383e25.pdf
829b1f9018e011f1b02bdb21e1fca700	Intuworks/인튜웍스_IR.pdf	7a0c87a59c499c023e45047951fc056c0db792a9.pdf
82b3780618e011f1b02bdb21e1fca700	Intuworks/lbp_classification/wiz/lib/python3.8/site-packages/matplotlib/mpl-data/images/back.pdf	b07e1b4b3bd26d7f065d2454ad32399d0edcd92f.pdf
82bd937218e011f1b02bdb21e1fca700	Intuworks/lbp_classification/wiz/lib/python3.8/site-packages/matplotlib/mpl-data/images/filesave.pdf	8dcec391227075147aa0eeff10b7df634073709a.pdf
82c70ec018e011f1b02bdb21e1fca700	Intuworks/lbp_classification/wiz/lib/python3.8/site-packages/matplotlib/mpl-data/images/forward.pdf	d280ef60abb6967f19a775a87bb9b6c8bb8beda5.pdf
82d0a51618e011f1b02bdb21e1fca700	Intuworks/lbp_classification/wiz/lib/python3.8/site-packages/matplotlib/mpl-data/images/hand.pdf	b7e79b90f20592e4842ccfaadb17b7b9ab42220e.pdf
82dce70418e011f1b02bdb21e1fca700	Intuworks/lbp_classification/wiz/lib/python3.8/site-packages/matplotlib/mpl-data/images/help.pdf	56035ea3bc8f9c772aa00cd26949d1b038413a24.pdf
82f729de18e011f1b02bdb21e1fca700	Intuworks/lbp_classification/wiz/lib/python3.8/site-packages/matplotlib/mpl-data/images/home.pdf	cd926fe9afa7aa581296cc735522ca0e6a59bc30.pdf
830c34be18e011f1b02bdb21e1fca700	Intuworks/lbp_classification/wiz/lib/python3.8/site-packages/matplotlib/mpl-data/images/matplotlib.pdf	7b4d255c71568f334b01cf834ed97055fcb0ab62.pdf
8319cc4618e011f1b02bdb21e1fca700	Intuworks/lbp_classification/wiz/lib/python3.8/site-packages/matplotlib/mpl-data/images/move.pdf	ebf9103703c7a504533f45068ad7ec8af32b8488.pdf
8328b71a18e011f1b02bdb21e1fca700	Intuworks/lbp_classification/wiz/lib/python3.8/site-packages/matplotlib/mpl-data/images/qt4_editor_options.pdf	3ed2d25121d2edaad976c674b442bbf664b36e45.pdf
84e8de3618e011f1b02bdb21e1fca700	Intuworks/lbp_classification/wiz/lib/python3.8/site-packages/matplotlib/mpl-data/images/subplots.pdf	0a3052184916945d3be4c25b735164835b07a164.pdf
84f4052218e011f1b02bdb21e1fca700	Intuworks/lbp_classification/wiz/lib/python3.8/site-packages/matplotlib/mpl-data/images/zoom_to_rect.pdf	53ee17574d642c3311f27353ce86112613b9bd61.pdf
8501a57e18e011f1b02bdb21e1fca700	Intuworks/Opencv_Test/opencv/lib/python3.8/site-packages/matplotlib/mpl-data/images/back.pdf	78492852558d0f147a802f335d5f96fdb1dd1b05.pdf
85117d6418e011f1b02bdb21e1fca700	Intuworks/Opencv_Test/opencv/lib/python3.8/site-packages/matplotlib/mpl-data/images/filesave.pdf	9f3d28baf301f02e1ffbd25e25bd3c79ee4918be.pdf
851df12018e011f1b02bdb21e1fca700	Intuworks/Opencv_Test/opencv/lib/python3.8/site-packages/matplotlib/mpl-data/images/forward.pdf	4330a7240d18d79da9f650fbd840145f104ea5df.pdf
852c980618e011f1b02bdb21e1fca700	Intuworks/Opencv_Test/opencv/lib/python3.8/site-packages/matplotlib/mpl-data/images/hand.pdf	16a8a3ecf6092803a524d45d427900e92dd6d999.pdf
85389a0c18e011f1b02bdb21e1fca700	Intuworks/Opencv_Test/opencv/lib/python3.8/site-packages/matplotlib/mpl-data/images/help.pdf	dc4e62301967b5002a156f073195f710002d0bf9.pdf
8544c1d818e011f1b02bdb21e1fca700	Intuworks/Opencv_Test/opencv/lib/python3.8/site-packages/matplotlib/mpl-data/images/home.pdf	bd21cbc5bf9b20467c7e3e0d7b6c6ab03e42f2e4.pdf
8550205018e011f1b02bdb21e1fca700	Intuworks/Opencv_Test/opencv/lib/python3.8/site-packages/matplotlib/mpl-data/images/matplotlib.pdf	0122d4249118762ff713205db2eedb91c94ea6f3.pdf
855e9efa18e011f1b02bdb21e1fca700	Intuworks/Opencv_Test/opencv/lib/python3.8/site-packages/matplotlib/mpl-data/images/move.pdf	e43c666e9cf756b22e1ea6ca7d45b25b77178d31.pdf
856ce13618e011f1b02bdb21e1fca700	Intuworks/Opencv_Test/opencv/lib/python3.8/site-packages/matplotlib/mpl-data/images/qt4_editor_options.pdf	f8352361ce8f8b84f0a532f894d09d30840ba58c.pdf
857b51c618e011f1b02bdb21e1fca700	Intuworks/Opencv_Test/opencv/lib/python3.8/site-packages/matplotlib/mpl-data/images/subplots.pdf	840af4f9bc3f138dd8d7bb2c9a1a4f2902516327.pdf
85874e7218e011f1b02bdb21e1fca700	Intuworks/Opencv_Test/opencv/lib/python3.8/site-packages/matplotlib/mpl-data/images/zoom_to_rect.pdf	cf0f1aece68fa48428a489d50bc3c68966764e7e.pdf
85ff249218e011f1b02bdb21e1fca700	Intuworks/rag/langchain-kr/06-DocumentLoader/data/디지털 정부혁신 추진계획.hwp	4ca454d02380c8d7f3785c21ccd446e4e540c3a4.txt
860bb16c18e011f1b02bdb21e1fca700	Intuworks/Scale/yolact/yolact_env/lib/python3.8/site-packages/matplotlib/mpl-data/images/back.pdf	5795b4e6f6206f7eaa31af4fbd5a86698f1f8a73.pdf
861bc0ca18e011f1b02bdb21e1fca700	Intuworks/Scale/yolact/yolact_env/lib/python3.8/site-packages/matplotlib/mpl-data/images/filesave.pdf	7e8d408e245a3a5058d62702cc53b69165b28e03.pdf
8628b16818e011f1b02bdb21e1fca700	Intuworks/Scale/yolact/yolact_env/lib/python3.8/site-packages/matplotlib/mpl-data/images/forward.pdf	4864955fc9764400ddb5df47391b2edfb5a6c5df.pdf
8635679618e011f1b02bdb21e1fca700	Intuworks/Scale/yolact/yolact_env/lib/python3.8/site-packages/matplotlib/mpl-data/images/hand.pdf	22417602c5bcbbeb95da2eeb7d1f711e6f0ab46c.pdf
86415e6618e011f1b02bdb21e1fca700	Intuworks/Scale/yolact/yolact_env/lib/python3.8/site-packages/matplotlib/mpl-data/images/help.pdf	33fc2b0d5862bb0191b417b57084ec81068402a1.pdf
864c52c618e011f1b02bdb21e1fca700	Intuworks/Scale/yolact/yolact_env/lib/python3.8/site-packages/matplotlib/mpl-data/images/home.pdf	b4579696dd5661ce19564c5083a8c3baf36010e4.pdf
8658e77018e011f1b02bdb21e1fca700	Intuworks/Scale/yolact/yolact_env/lib/python3.8/site-packages/matplotlib/mpl-data/images/matplotlib.pdf	0899b4a59d9f6c2819bcde74064f2cc2c6b944fd.pdf
86656ffe18e011f1b02bdb21e1fca700	Intuworks/Scale/yolact/yolact_env/lib/python3.8/site-packages/matplotlib/mpl-data/images/move.pdf	290e297094c4b18d46d9e437b5ba9badd992e925.pdf
8671090e18e011f1b02bdb21e1fca700	Intuworks/Scale/yolact/yolact_env/lib/python3.8/site-packages/matplotlib/mpl-data/images/qt4_editor_options.pdf	63cc7d92eb034fc55682319ea9c92e76e4ed61ca.pdf
867d060a18e011f1b02bdb21e1fca700	Intuworks/Scale/yolact/yolact_env/lib/python3.8/site-packages/matplotlib/mpl-data/images/subplots.pdf	4a7f9b71a498f579025d82821c7fb9e23e4a64a7.pdf
8688b72a18e011f1b02bdb21e1fca700	Intuworks/Scale/yolact/yolact_env/lib/python3.8/site-packages/matplotlib/mpl-data/images/zoom_to_rect.pdf	af0a65a29ecc36eda08672854c791bdeba9edd25.pdf
8693cb5618e011f1b02bdb21e1fca700	Intuworks/space_proposal/docs/1. 입찰공고문 (1).pdf	6e1ad5008db64eae4ab351b5cd035b3bcf25c268.pdf
86a3c0ba18e011f1b02bdb21e1fca700	Intuworks/space_proposal/docs/1. 입찰공고문.pdf	3998e257f79e69e48272298b08e3d0d1ba6a0f8b.pdf
86b81b6418e011f1b02bdb21e1fca700	Intuworks/space_proposal/docs/240305_0400_디딤돌_사업계획서_영기수정.pdf	888d0c0d8ef85363be2d29021da3c9e62d6435e7.pdf
86ca567618e011f1b02bdb21e1fca700	Intuworks/space_proposal/docs/241120_0030_AI기반_우주기상_예측모델_데이터셋_구축사업_제안서_1권_원본.pdf	ab628a87dfd9490e16ab6eddd2a3ebe8e8ae2c59.pdf
86f08cc418e011f1b02bdb21e1fca700	Intuworks/space_proposal/docs/4. 제안요청서.pdf	ece33ddb941f594d66275808ce1b54f9eecc61a5.pdf
871635be18e011f1b02bdb21e1fca700	Intuworks/space_proposal/docs/dar-001.pdf	8ddf89efa8b2ef566121c1afba8eb6dd7d06cc6d.pdf
8731d7ec18e011f1b02bdb21e1fca700	Intuworks/study/my-svelte-app/agressive2.pdf	5ee620ac3c5e81971bedabc2936815f8576daec6.pdf
874999a418e011f1b02bdb21e1fca700	Intuworks/study/my-svelte-app/agressive.pdf	1172a0f03d1a7f5546307ff2c1d0ea7ea1395802.pdf
8767271218e011f1b02bdb21e1fca700	Intuworks/에트리납품/오픈소스SW_라이선스검증결과서-20241125.pdf	b21aab6ac3ac60cead694b71e492d99b97d547b7.pdf
877dd66a18e011f1b02bdb21e1fca700	한국인터넷통신/IPSJ-UBI20065054.pdf	48f9c1c862f31545bce1d88c3033f1814b08fb55.pdf
8790fd4e18e011f1b02bdb21e1fca700	한국인터넷통신/IPSJ-Z81-6V-01.pdf	cd431d7f71962db556cb7e708edaa925d66699a6.pdf
87da87ac18e011f1b02bdb21e1fca700	KangNamUnni/AI_솔루션등록.hwp	5c66604079b4bc421a55c98855c03cac5501efb6.txt
8811d0cc18e011f1b02bdb21e1fca700	KangNamUnni/AI_솔루션등록_경추.hwp	242b0e5d0fd7820fe09d871881826ee04ee2ee08.txt
885db67218e011f1b02bdb21e1fca700	크래카/행안부과제/신청서류/온라인 제출 최종확인서(KEIT).hwp	c85b467152296e1f155c2214d3aa8f4549b0006e.txt
88704bfc18e011f1b02bdb21e1fca700	KTH/Docs/secondScreen/Hadoop_v18.pdf	4e08e8c60dd72a6df9a8c73b6bf48eeb1af9a87f.pdf
88965fd618e011f1b02bdb21e1fca700	KTH/Docs/secondScreen/KT_VOD 자막제안_기본내용.pdf	31a51bac8f3d6891066a28aa6c2e0321aeaa4371.pdf
88b90e5a18e011f1b02bdb21e1fca700	KTH/Docs/secondScreen/MDC Service Model  Value Chain for KT.pdf	05d3079324cd30a26cb7bd2ffb3180bd83b30a9b.pdf
893b900a18e011f1b02bdb21e1fca700	K-Water/AI_솔루션등록_누수탐지.hwp	ecb0a6840ddc5e6f66ba97f7516325b07ebf930a.txt
89869a1418e011f1b02bdb21e1fca700	K-Water/연구과제_제출용_자료/b.pdf	c0c6760a2f1ad091dd59c977f53cd7e5d2277d20.pdf
8a14c58218e011f1b02bdb21e1fca700	K-Water/docs/★(240311) 관내부조사 개선방향(인투웍스).hwp	47b6a23cbf5773a82e2ddb1f0cd61df5ac457294.txt
8a406fca18e011f1b02bdb21e1fca700	K-Water/docs/241127_인튜웍스사전질의.hwp	d85ff294ab98314672a7d907f88b3556054ec230.txt
8a6f6d1618e011f1b02bdb21e1fca700	K-Water/docs/241127_인튜웍스사전질의_답변초안.hwp	49e23ffe5acfbe63ca18a473b05b92e0ea3dafdc.txt
8a7c434218e011f1b02bdb21e1fca700	K-Water/GeospatialAnalysis/geo/lib/python3.8/site-packages/matplotlib/mpl-data/images/back.pdf	818f8f2aa64135197d0b8c072b8e7508524563f6.pdf
8a8ca05c18e011f1b02bdb21e1fca700	K-Water/GeospatialAnalysis/geo/lib/python3.8/site-packages/matplotlib/mpl-data/images/filesave.pdf	97335d955cba906a60812ad1ab8caf575a39bfc1.pdf
8a9c374c18e011f1b02bdb21e1fca700	K-Water/GeospatialAnalysis/geo/lib/python3.8/site-packages/matplotlib/mpl-data/images/forward.pdf	6c2f8e60e39d7880a2dada6cdc400774029141d9.pdf
8cc9635018e011f1b02bdb21e1fca700	K-Water/GeospatialAnalysis/geo/lib/python3.8/site-packages/matplotlib/mpl-data/images/hand.pdf	3f446293daff1bef64b76d1c90b82af62a3907c7.pdf
8cd8839418e011f1b02bdb21e1fca700	K-Water/GeospatialAnalysis/geo/lib/python3.8/site-packages/matplotlib/mpl-data/images/help.pdf	95d194d53ac7e4e422c799370bd02f71f70282f4.pdf
8ce8ae1818e011f1b02bdb21e1fca700	K-Water/GeospatialAnalysis/geo/lib/python3.8/site-packages/matplotlib/mpl-data/images/home.pdf	ab79fc02c6ae9e13cd50c166bd3b33b22f34622b.pdf
8cf6db1418e011f1b02bdb21e1fca700	K-Water/GeospatialAnalysis/geo/lib/python3.8/site-packages/matplotlib/mpl-data/images/matplotlib.pdf	e037d7a7de7cc93605129a5d58f5103168fee7f8.pdf
8d0270e618e011f1b02bdb21e1fca700	K-Water/GeospatialAnalysis/geo/lib/python3.8/site-packages/matplotlib/mpl-data/images/move.pdf	7ac6aa99e296a21955dd2aa0ff83bb1914c8a2ac.pdf
8d0e8b6018e011f1b02bdb21e1fca700	K-Water/GeospatialAnalysis/geo/lib/python3.8/site-packages/matplotlib/mpl-data/images/qt4_editor_options.pdf	a0089acce517930eb833c9b7c17e9d8723b7df0a.pdf
8d1b185818e011f1b02bdb21e1fca700	K-Water/GeospatialAnalysis/geo/lib/python3.8/site-packages/matplotlib/mpl-data/images/subplots.pdf	19e9615ca4422aec1d2281965fee9a3269b1da85.pdf
8d28e47418e011f1b02bdb21e1fca700	K-Water/GeospatialAnalysis/geo/lib/python3.8/site-packages/matplotlib/mpl-data/images/zoom_to_rect.pdf	931335c26de62ea3a2c565c70b5a4c29492ecc85.pdf
8d3820f618e011f1b02bdb21e1fca700	K-Water/projects/20250109_101527_a_frames.pdf	3756b3fef391dd2a7501df7067bf45af6936aee5.pdf
8d4de1de18e011f1b02bdb21e1fca700	K-Water/projects/20250109_101527_a.pdf	89ad365754f108747f4fdfd16c95d5cac996f001.pdf
8d5d555618e011f1b02bdb21e1fca700	K-Water/projects/20250109_141452_f.pdf	58003b37bfb534789b8b4a5c6b944221acb36853.pdf
8d6f605218e011f1b02bdb21e1fca700	K-Water/projects/20250109_145104_bb.pdf	2b76d5f8e2ceed7753add1aa65bde7294496fd16.pdf
8d839c3e18e011f1b02bdb21e1fca700	K-Water/projects/20250127_200141_KB_converted.pdf	7507f318ab73ea0f7941e4e4b40926984d4be907.pdf
8d9e285618e011f1b02bdb21e1fca700	K-Water/projects/20250127_200420_k_waterA.pdf	58f62b0e3266d3a0d4e46f2011d2adbc13d16e58.pdf
8dad78b018e011f1b02bdb21e1fca700	K-Water/projects/20250203_112008_b1.pdf	ce52c144fe3920841c538631357b4127583c8c0b.pdf
8dbdc5a818e011f1b02bdb21e1fca700	K-Water/projects/20250203_202447_b2.pdf	c4f42e73f24c82bdcc7bf4f0451a2dc2c98b3f68.pdf
8dd26b3e18e011f1b02bdb21e1fca700	K-Water/projects/20250204_124108_b4.pdf	d1187bb57d0f2ff3a3546cbb8a42233c16d508fc.pdf
8de3c82018e011f1b02bdb21e1fca700	K-Water/projects/20250216_120123_cow breeding.pdf	db563f2317cdc3d6ede4f5f1bdb50a6e09adcb07.pdf
8df37d0618e011f1b02bdb21e1fca700	K-Water/projects/An_Inverse_Perspective_Mapping-Based_Approach_for_.pdf	0f8bedcccdaf36f1668c3ea2e6704e673ee2029e.pdf
8e03bf4a18e011f1b02bdb21e1fca700	K-Water/projects/flow.pdf	dba8843e22b81f5fbfab15d7771b7d1838d1d7cb.pdf
8e14caba18e011f1b02bdb21e1fca700	K-Water/projects/pipe/teigi.pdf	bd88088e2cff5ef2cf36722909f118f265ad8312.pdf
8e25704a18e011f1b02bdb21e1fca700	K-Water/연구과제_제출용_자료/Water.pdf	88b0f55bf4fbde9610b231a75db3f690fadae2ab.pdf
8e62b8c418e011f1b02bdb21e1fca700	LinvingLab/별처.+리빙랩활용기술개발_신청서식/(필수)+1.+연구개발계획서+본문1.hwp	101918cc228ed988e2a3c0729f1e86c6d3b53dc2.txt
8e71c44018e011f1b02bdb21e1fca700	LinvingLab/1. 연구개발계획서_최종.pdf	2e75ff03abf2ae70b225568a35995cc19f33369a.pdf
8f16844418e011f1b02bdb21e1fca700	LinvingLab/20230429_1. 연구개발계획서_성능평가 추가.hwp	6823e07237713869dfccb77ef47d808e341fe5bc.txt
8fb25dba18e011f1b02bdb21e1fca700	LinvingLab/20230430_1. 연구개발계획서ㅡ취합_영기.hwp	7cd58b34817bf5c91053152b84fbdca135688dee.txt
904481c218e011f1b02bdb21e1fca700	LinvingLab/_공고+제2023-221호_+2023년도+리빙랩+활용+기술개발+시행계획+공고__2_.hwp	76b0cedcb5e99bc2e338f38c96177a2e5e17e2a0.txt
905750a418e011f1b02bdb21e1fca700	LinvingLab/230411_울산테크노파크_리빙랩_활용_기술개발_사업설명회.pdf	1bc9055acf20d5fb3fedeb07efd56575257bd75b.pdf
90792eea18e011f1b02bdb21e1fca700	LinvingLab/230411_울산테크노파크_리빙랩_활용_기술개발_사업설명회_주요QA_FN.pdf	d6ee8908e69eaa70554b1bc0007e8f160fe8edad.pdf
90f0d21018e011f1b02bdb21e1fca700	LinvingLab/별처.+리빙랩활용기술개발_신청서식/(필수)+2.+중소기업기술개발사업+개인정보+수집·이용+동의서.hwp	c683bcd0cafa196ea115cea35d69f97295a74478.txt
91360b0018e011f1b02bdb21e1fca700	LinvingLab/별첨.+2차년도+지정과제+RFP/1. 그린 생할화학·바이오.hwp	898d7e21199e719ed44c9e04f5f3edc53a65b23d.txt
91692e4018e011f1b02bdb21e1fca700	LinvingLab/별첨.+2차년도+지정과제+RFP/2. 그린 공정·자원순환.hwp	0b5e54662d5ca2a63441fbb4caba49e743e087e4.txt
919c3fb018e011f1b02bdb21e1fca700	LinvingLab/별첨.+2차년도+지정과제+RFP/3. 그린 에너지.hwp	5fa6207aea5e5ff3050b8b2d0269c806edf0dfd8.txt
91dcfb4a18e011f1b02bdb21e1fca700	LinvingLab/별첨.+2차년도+지정과제+RFP/4. 그린 모빌리티.hwp	b810b1924772aeec87a4d04ca99698c9632e6bea.txt
9214f61c18e011f1b02bdb21e1fca700	LinvingLab/별첨.+2차년도+지정과제+RFP/5. 탄소중립.hwp	dc04f2f27dc33292f585053ec60bd2ed4c214309.txt
9248337418e011f1b02bdb21e1fca700	LinvingLab/별첨.+2차년도+지정과제+RFP/6. 순환경제.hwp	d79e5bb651cfe8433edac075afd1d64019f6d5fc.txt
927c52e418e011f1b02bdb21e1fca700	LinvingLab/별첨.+2차년도+지정과제+RFP/7. 물산업.hwp	ec8447d0d65766b08ffc81fff8d03bb0f3c2b669.txt
92bee5dc18e011f1b02bdb21e1fca700	LinvingLab/별처.+리빙랩활용기술개발_신청서식/(필수)+3.+신용상태+조회·정보활용+동의서.hwp	48e9a81d718420f32db6e5242f0abe8e94a43f56.txt
9305752e18e011f1b02bdb21e1fca700	LinvingLab/별처.+리빙랩활용기술개발_신청서식/(해당시)+4.+외부기술도입비+현물산정+신청서.hwp	6a288056e6661daab021f7e49fbeb9911ca0f6f6.txt
935ac29a18e011f1b02bdb21e1fca700	LinvingLab/연구개발계획서_본문_영기.hwp	30bd652f979fc196765938524c4bbaf2a01b0ec6.txt
93951b2a18e011f1b02bdb21e1fca700	네이쳐원/MOU 및 NDA(초안).hwp	019cf2352bd9460dd47cb2c31726b47ac4bea4c5.txt
939f75c018e011f1b02bdb21e1fca700	한국인터넷통신/무선 시그널로 실내의 인간 행동인식.pdf	52d698eaab954f5424d35a33ef01822a0d66547d.pdf
93bac16818e011f1b02bdb21e1fca700	제출서류/주식등변동상황명세서.pdf	c04c56fe51a3c0f196ab3c5dfb10b22771c5f165.pdf
93ccb17a18e011f1b02bdb21e1fca700	제출서류/[주식회사피케이바이오] 폐업사실증명서.pdf	fbf0243465bbb9bfe52806feb7c5f864d5b2bcc5.pdf
93e3852618e011f1b02bdb21e1fca700	제출서류/[인튜웍스] 총사업자등록내역(대표자).pdf	c88356ae4c006102fd7c7f84d767c2fbe8ac040f.pdf
93f9e7a818e011f1b02bdb21e1fca700	제출서류/[인튜웍스] 사업자등록증명.pdf	16be7863bf49a411a6388863b5527e11df39ec2c.pdf
94114a2418e011f1b02bdb21e1fca700	제출서류/[인튜웍스] 등기부등본.pdf	9fbc4a81e7ffa9c1d576a1472a1b3b153ea25970.pdf
9426d0d818e011f1b02bdb21e1fca700	제출서류/[인튜웍스] 출자자 주주명부.pdf	36605d3ed379019e3d553d93bdb64c680f6dbb65.pdf
9435455a18e011f1b02bdb21e1fca700	공문_이사본수한도변경.pdf	7e9291f55bc609c928528e49f31be00872bf576b.pdf
944a733a18e011f1b02bdb21e1fca700	PIG/개체별-무게-리스트-및-이동보고서/2024-09-10이동보고서.pdf	489b145b51087d3dfa10d5d0ac3020294045d178.pdf
9631588018e011f1b02bdb21e1fca700	PIG/doc.pdf	5abbaee24b1602fb6c670b036540bcb56ef6b191.pdf
96974f1418e011f1b02bdb21e1fca700	경상대학교/pkbio 기술특허자료.hwp	76b44ef0088863923795cdf5b9aa1dc4e5fc2992.txt
96a398e618e011f1b02bdb21e1fca700	SeoWooMS/intuWorks/스케치_최종_190529.pdf	b2b1d39b908d942a28860a128d8a75e7a45488ba.pdf
96b7035e18e011f1b02bdb21e1fca700	대구은행/TaeguBank/irp/lbp/lbplibrary-master/papers/BGLBP_2015.pdf	7cf5d4f6c47114d623c64ca60da3b7cf9cb33cd2.pdf
96cdaa9618e011f1b02bdb21e1fca700	대구은행/TaeguBank/irp/lbp/lbplibrary-master/papers/CS-LBP_2006.pdf	87fae15fb32203633da4dbfa6aa4687df5172634.pdf
96e3f62a18e011f1b02bdb21e1fca700	대구은행/TaeguBank/irp/lbp/lbplibrary-master/papers/CS-LDP_2011.pdf	14189b123c503e5862db437738e7348da6f33baa.pdf
96f439d618e011f1b02bdb21e1fca700	대구은행/TaeguBank/irp/lbp/lbplibrary-master/papers/CS-SILTP_2013.pdf	adfa2d4321383a77569377a3c3dfc02d1f63c36e.pdf
9703d30018e011f1b02bdb21e1fca700	대구은행/TaeguBank/irp/lbp/lbplibrary-master/papers/ELBP_2012.pdf	ba8ab51035a3509eb3429ade3b5a45b710de8a34.pdf
971565f218e011f1b02bdb21e1fca700	대구은행/TaeguBank/irp/lbp/lbplibrary-master/papers/OC-LBP_2004.pdf	9dc1baf3ac48542f5cccd607c67dd09fa323edce.pdf
972aa44418e011f1b02bdb21e1fca700	대구은행/TaeguBank/irp/lbp/lbplibrary-master/papers/OLBP_2001.pdf	85763ea51f5d734da4fae6688d05214072af54cc.pdf
973bc1c018e011f1b02bdb21e1fca700	대구은행/TaeguBank/irp/lbp/lbplibrary-master/papers/SCS-LBP_2010.pdf	7b0f7e17ceb16a93965b61dad9a79e4ec3bc4ee6.pdf
974f464618e011f1b02bdb21e1fca700	대구은행/TaeguBank/irp/lbp/lbplibrary-master/papers/SI-LTP_2010.pdf	e23495655bc7777227046b0ec29785be1e671247.pdf
9763f04618e011f1b02bdb21e1fca700	대구은행/TaeguBank/irp/lbp/lbplibrary-master/papers/VARLBP_2002.pdf	dac172c2768923e711808d374c872e8e4f81726d.pdf
977c4f7e18e011f1b02bdb21e1fca700	대구은행/TaeguBank/irp/lbp/lbplibrary-master/papers/XCSLBP_2015.pdf	c06ce035ab49131285c641f340ec1d14450aa530.pdf
978fca9018e011f1b02bdb21e1fca700	대구은행/TaeguBank/personal/lbp/lbplibrary-master/papers/BGLBP_2015.pdf	6f49f974c7ef194333015925758d228f97b58848.pdf
97a28c3e18e011f1b02bdb21e1fca700	대구은행/TaeguBank/personal/lbp/lbplibrary-master/papers/CS-LBP_2006.pdf	ce94864d002517c487883c14a58fe179394bf5b1.pdf
97b9faae18e011f1b02bdb21e1fca700	대구은행/TaeguBank/personal/lbp/lbplibrary-master/papers/CS-LDP_2011.pdf	b6cc0010b21ec4c50708d0a478fdd77df5263525.pdf
97c92fa618e011f1b02bdb21e1fca700	대구은행/TaeguBank/personal/lbp/lbplibrary-master/papers/CS-SILTP_2013.pdf	84d141efdbecba30e200fbd5c5455fd8ffc2b350.pdf
97d9f58418e011f1b02bdb21e1fca700	대구은행/TaeguBank/personal/lbp/lbplibrary-master/papers/ELBP_2012.pdf	857c6da1e5c74d6bf2ce88af6bfb51864abe67e4.pdf
97eccede18e011f1b02bdb21e1fca700	대구은행/TaeguBank/personal/lbp/lbplibrary-master/papers/OC-LBP_2004.pdf	2e98dd512cc68d220be75fcd028c3dfa5f8df668.pdf
97ff5d9c18e011f1b02bdb21e1fca700	대구은행/TaeguBank/personal/lbp/lbplibrary-master/papers/OLBP_2001.pdf	b8a91cfc10fa5d00abbee255cc60f22c1ceec35e.pdf
9810947218e011f1b02bdb21e1fca700	대구은행/TaeguBank/personal/lbp/lbplibrary-master/papers/SCS-LBP_2010.pdf	c09d4f94d55bc94c20e09c02cacc2a70a44d91f7.pdf
9824550218e011f1b02bdb21e1fca700	대구은행/TaeguBank/personal/lbp/lbplibrary-master/papers/SI-LTP_2010.pdf	9ed63642c0868a5e310c66671e060354e81e8f5b.pdf
9836a3ce18e011f1b02bdb21e1fca700	대구은행/TaeguBank/personal/lbp/lbplibrary-master/papers/VARLBP_2002.pdf	c8e13e76218028f32b971ec462138bb9c378aff6.pdf
984c753218e011f1b02bdb21e1fca700	대구은행/TaeguBank/personal/lbp/lbplibrary-master/papers/XCSLBP_2015.pdf	36f497c86b086d22ffcfafa1ce80c6fb4f0a995e.pdf
98631b4818e011f1b02bdb21e1fca700	Technical Review For Innodetect 1108 상용화 솔루션 평가.pdf	fe19fec8dda91b0aadcb8de1dbb1b5128e219085.pdf
987e391e18e011f1b02bdb21e1fca700	tl_biz/수요기업_티엘비즈/10.표준재무제표증명_티엘비즈.pdf	77a94d036d6e271a2c9059f37f90542f4e7a5691.pdf
989b9a9018e011f1b02bdb21e1fca700	tl_biz/공급기업_인튜웍스/10.표준재무제표증명_인튜웍스.pdf	d09b0756aafe900996b6f36308fdc9fe3358187d.pdf
98b1930418e011f1b02bdb21e1fca700	tl_biz/수요기업_티엘비즈/11.중소기업확인서_티엘비즈.pdf	b6fd2877855b8d7f31e6e967a01f68b48bdac883.pdf
98c928f218e011f1b02bdb21e1fca700	tl_biz/공급기업_인튜웍스/11.중소기업 확인서_인튜웍스.pdf	faccfefdd8c59fd7422f4cb1297d18bb797050e1.pdf
98f6f06618e011f1b02bdb21e1fca700	tl_biz/티엘비즈 - 과제협의서 (12개사)/03. 과제협의서 - 주식회사 알엔씨(RNC).pdf	1583346ee62102e128d73288058ae032e5a667d3.pdf
9906252218e011f1b02bdb21e1fca700	tl_biz/티엘비즈 - 과제협의서 (12개사)/04. 과제협의서 - 주식회사 인스턴.pdf	771a5d2148b0b27a904451c1da2596e3a5cb1943.pdf
99173b1e18e011f1b02bdb21e1fca700	tl_biz/티엘비즈 - 과제협의서 (12개사)/05. 과제협의서 - 주식회사 와우쓰리디(WOW3D).pdf	3ab22bdd423792df0986f23e852b7c29e4f16d4e.pdf
992a540618e011f1b02bdb21e1fca700	tl_biz/티엘비즈 - 과제협의서 (12개사)/06. 과제협의서 - 네이처원(Natureone).pdf	2fdb0c12cc84e0ebbbc0e17d3bf2c64b3ebcec95.pdf
99453a6418e011f1b02bdb21e1fca700	tl_biz/티엘비즈 - 과제협의서 (12개사)/07. 과제협의서 - 주식회사 헥스하이브.pdf	0d8b63bea6f965760b13e3585b3d3963d089ff4a.pdf
995b793218e011f1b02bdb21e1fca700	tl_biz/티엘비즈 - 과제협의서 (12개사)/08. 과제협의서 - 주식회사 크래카.pdf	5bc86279d5f46a2ca09ae5e4c6453e1a4f6aaa5d.pdf
996a8ada18e011f1b02bdb21e1fca700	tl_biz/티엘비즈 - 과제협의서 (12개사)/09. 과제협의서 - 주식회사 신화테크.pdf	39f06072a52c9824af10300ad3d6e7e1f75c27ce.pdf
997731ea18e011f1b02bdb21e1fca700	tl_biz/티엘비즈 - 과제협의서 (12개사)/10. 과제협의서 - 쓰리디쿠키 홍대센터(3D쿠키 홍대센터).pdf	1b356b667acebe933cc13f1e94211e6488329076.pdf
9986126418e011f1b02bdb21e1fca700	tl_biz/티엘비즈 - 과제협의서 (12개사)/11. 과제협의서  - (주)비트텍.pdf	da367de58c1bf8c188b64d8c46dd290b4414dc88.pdf
9992accc18e011f1b02bdb21e1fca700	tl_biz/티엘비즈 - 과제협의서 (12개사)/12. 과제협의서 - 글로리테크.pdf	eb062d5d2cb22a704df64fbc7f46479119dd7358.pdf
99a033c418e011f1b02bdb21e1fca700	tl_biz/수요기업_티엘비즈/13.법인등기부등본_티엘비즈.pdf	08848e6523377b028c35affde9d90e5424694dd7.pdf
99b8d87a18e011f1b02bdb21e1fca700	tl_biz/공급기업_인튜웍스/13.법인등기부등본_인튜웍스.pdf	e919dc164583c0a83818e59e4d13769921c8e187.pdf
99dcfaa218e011f1b02bdb21e1fca700	tl_biz/공급기업_인튜웍스/14.클라우드 사용계획서_인튜웍스.pdf	7bc96a5ee72e48a97bdfa688ce588e6a0aa9a31d.pdf
99f0352c18e011f1b02bdb21e1fca700	tl_biz/수요기업_티엘비즈/1.사업계획서_티엘비즈.pdf	e5fbd8e4a5db5e3e847c1e3804ce85e71f55e269.pdf
9a25ff9018e011f1b02bdb21e1fca700	tl_biz/★20230202_1. 연구개발계획서(통합) (1).pdf	8d78bc5a3b755081f9154710ed9da8365d870143.pdf
9a4a5d9018e011f1b02bdb21e1fca700	tl_biz/★20230202_1. 연구개발계획서(통합).pdf	d93b3a3795f43f046c4ebbd631edabcb4236d439.pdf
9a67ddde18e011f1b02bdb21e1fca700	tl_biz/수요기업_티엘비즈/3.참여의사 확인 및 정보활용 동의서_티엘비즈.pdf	452e703d984de68c4c61dc6d0bbadcabd7965161.pdf
9a74a96018e011f1b02bdb21e1fca700	tl_biz/수요기업_티엘비즈/4.신청자격 적정성 및 자기진단서_티엘비즈.pdf	89b4fb9637b902d0d47786eb23d50f25ed297f57.pdf
9a8d55dc18e011f1b02bdb21e1fca700	tl_biz/공급기업_인튜웍스/4.신청자격 적정성 및 자기진단서_인튜웍스.pdf	8ea786472e527b22ca29f7b5ed7e086a64d0d25a.pdf
9aa9209618e011f1b02bdb21e1fca700	tl_biz/수요기업_티엘비즈/5.개인정보 수집이용 제공 동의서_티엘비즈.pdf	309415e0731fa292447e7bde4fb1ff8b8872c7c8.pdf
9d0a254218e011f1b02bdb21e1fca700	tl_biz/공급기업_인튜웍스/5.개인정보 수집·이용·제공 동의서_인튜웍스.pdf	37a06cb0d9036672ecf47a8d0379f5151d35cdeb.pdf
9d25793218e011f1b02bdb21e1fca700	tl_biz/수요기업_티엘비즈/6.정부과제 수행이력 확인서_티엘비즈.pdf	830d1d5ca744b338c9618e2a8f3904ccdcec3a04.pdf
9d3e274818e011f1b02bdb21e1fca700	tl_biz/공급기업_인튜웍스/6.정부과제 수행이력 확인서_인튜웍스.pdf	37343054668dd2d2883321b6921c53237f943ee6.pdf
9d4e2f7618e011f1b02bdb21e1fca700	tl_biz/수요기업_티엘비즈/7.인공지능 개인정보보호 자율점검표_티엘비즈.pdf	b51ceedec983ae9f76f2f8eb3cebe5deccf14b1c.pdf
9d5edf9c18e011f1b02bdb21e1fca700	tl_biz/수요기업_티엘비즈/8.사업자등록증_티엘비즈.pdf	4340f1940ec56878446c9442564fe816bedb9a79.pdf
9d6ad6bc18e011f1b02bdb21e1fca700	tl_biz/공급기업_인튜웍스/8.사업자등록증_인튜웍스.pdf	4a22ace3a6f3b30c2bceb1062f6f5b99eb258c22.pdf
9d76b62618e011f1b02bdb21e1fca700	tl_biz/수요기업_티엘비즈/9.국세 및 지방세 완납증명서_티엘비즈.pdf	ad8fb9bfc0b5551168e3edf99cacddc6d0575ca3.pdf
9d8757ec18e011f1b02bdb21e1fca700	tl_biz/공급기업_인튜웍스/9.국세 및 지방세 완납증명서_인튜웍스.pdf	59e6d915092f7d9cfc5c1812831fa8d22de36e36.pdf
9d9e385e18e011f1b02bdb21e1fca700	tl_biz/audio_dev/my-voice-analysis/EXAMPLES.pdf	c774e1956c60fe7d50315d06e5df53156e53455e.pdf
9dafa3be18e011f1b02bdb21e1fca700	tl_biz/audio_dev/my-voice-analysis/PRAAT/LADM2019_paper_C1_F.pdf	e60cb51c15e424baa9000d6497e9407862cd25cf.pdf
9dcf178018e011f1b02bdb21e1fca700	tl_biz/audio_dev/my-voice-analysis/PRAAT/praat_hyper_para.pdf	b0ad792a761beaf14619e3477e864553599ebd90.pdf
9df0eb7618e011f1b02bdb21e1fca700	tl_biz/audio_dev/my-voice-analysis/PRAAT/Sounds_signal_processing_praat.pdf	030874d27bf12ece760443b62f304e6af56b851a.pdf
9e80457818e011f1b02bdb21e1fca700	tl_biz/audio_dev/my-voice-analysis/PRAAT/Using_Praa_for_Linguistic_ResearchLatest.pdf	f43333901f9cbcf0dac144706d7f10d71ebe5d23.pdf
9ea1620818e011f1b02bdb21e1fca700	tl_biz/down/google-cloud-cli-426.0.0-linux-x86_64/google-cloud-sdk/platform/gsutil_py2/gslib/vendored/boto/docs/BotoCheatSheet.pdf	37f2facbfa3a54c678ca98a58f6d8911fe7b5855.pdf
9ec968b618e011f1b02bdb21e1fca700	tl_biz/데이터바우처메뉴얼/메뉴얼.hwp	320285818d2fa62075742fcb9b528d9d786ca2a8.txt
9f5915a618e011f1b02bdb21e1fca700	연구개발계획서_ver.4(최종).hwp	711df5de114ac6373168d796995a8d290775a40a.txt
9f649e8a18e011f1b02bdb21e1fca700	연구개발계획서_ver.4(최종).pdf	b1e1488b1e0b265640511fb741900640c4c69296.pdf
9f998a1418e011f1b02bdb21e1fca700	WaterTech/★20230202_1. 연구개발계획서(통합)_ver2.hwp	0baee26c752c6352e5a83e628cc8cf7a79044a6f.txt
9fa4524618e011f1b02bdb21e1fca700	WaterTech/BT-A-23-0197_시험성적서 및 결과서_초안v1.0.pdf	83c4033504b558dd43cbb7b59429c749866feef8.pdf
a01e7d8218e011f1b02bdb21e1fca700	WaterTech/ppakppakhwp.hwp	e6a69763ce5d21ccc71a023b553ce1e549376f31.txt
a062c85218e011f1b02bdb21e1fca700	WaterTech/Scale_GUI/iPipeCheck/src/iPipeCheck/resources/pdf_out/b.pdf	7272a7a4f28f5317ac394e6f5f9c520ee2ab91fd.pdf
a1cdb36e18e011f1b02bdb21e1fca700	WaterTech/Scale_GUI/iPipeCheck/src/iPipeCheck/resources/pdf_out/in1_0103_152644.pdf	5ab26d8afd7ae51938da05706510756a23ebeda3.pdf
a3123a8818e011f1b02bdb21e1fca700	WaterTech/Scale_GUI/MAIN/resources/pdf_out/A.pdf	e5be9a3fa3d5623295698d97424cede8d715e836.pdf
a3485fb418e011f1b02bdb21e1fca700	WaterTech/Scale_GUI/MAIN/resources/pdf_out/b.pdf	a8ee2f8d91ab1b0b0b70e39b254b73e5312439a0.pdf
a37405ce18e011f1b02bdb21e1fca700	WaterTech/Scale_GUI/MAIN/resources/pdf_out/f.pdf	29f06ed7292b3d655e6d8ee124a61b509cc80304.pdf
a38bd6a418e011f1b02bdb21e1fca700	WaterTech/Scale_GUI/toga-chart/venv/lib/python3.11/site-packages/matplotlib/mpl-data/images/back.pdf	d04bc6d78bd6bfb7674de962d81b8c1df8f8d82b.pdf
a39c39e018e011f1b02bdb21e1fca700	WaterTech/Scale_GUI/toga-chart/venv/lib/python3.11/site-packages/matplotlib/mpl-data/images/filesave.pdf	015fe03af16847b10d72a17cd5b63c953187f89b.pdf
a3aa9b0c18e011f1b02bdb21e1fca700	WaterTech/Scale_GUI/toga-chart/venv/lib/python3.11/site-packages/matplotlib/mpl-data/images/forward.pdf	eb5304b5eb5ab02bbe5886ab02224acc654e1ee0.pdf
a3ba603c18e011f1b02bdb21e1fca700	WaterTech/Scale_GUI/toga-chart/venv/lib/python3.11/site-packages/matplotlib/mpl-data/images/hand.pdf	25da3bb1089eb326716255ceeda645e787836687.pdf
a3caf3ac18e011f1b02bdb21e1fca700	WaterTech/Scale_GUI/toga-chart/venv/lib/python3.11/site-packages/matplotlib/mpl-data/images/help.pdf	ea5cea5ecd20cc23ed8c5e1efff2b8d7f9e65d9b.pdf
a3de0f5a18e011f1b02bdb21e1fca700	WaterTech/Scale_GUI/toga-chart/venv/lib/python3.11/site-packages/matplotlib/mpl-data/images/home.pdf	b94fc494a14bbde055753cdfa9b33931f1cc9b52.pdf
a3ecd62018e011f1b02bdb21e1fca700	WaterTech/Scale_GUI/toga-chart/venv/lib/python3.11/site-packages/matplotlib/mpl-data/images/matplotlib.pdf	3ea8f5fbe3f7bc7ce9c1deccd919a84333ae3f03.pdf
a3fdeea618e011f1b02bdb21e1fca700	WaterTech/Scale_GUI/toga-chart/venv/lib/python3.11/site-packages/matplotlib/mpl-data/images/move.pdf	471e2dea2f8e41cb2af7c360465bea9361b7f643.pdf
a410736418e011f1b02bdb21e1fca700	WaterTech/Scale_GUI/toga-chart/venv/lib/python3.11/site-packages/matplotlib/mpl-data/images/qt4_editor_options.pdf	156f163cefa869c54c6aab92bc5c1ce5f52b09f0.pdf
a41fa05a18e011f1b02bdb21e1fca700	WaterTech/Scale_GUI/toga-chart/venv/lib/python3.11/site-packages/matplotlib/mpl-data/images/subplots.pdf	d9f22993578c4393cff49638b4b6c6b93462da20.pdf
a430147618e011f1b02bdb21e1fca700	WaterTech/Scale_GUI/toga-chart/venv/lib/python3.11/site-packages/matplotlib/mpl-data/images/zoom_to_rect.pdf	1204d1bdb5bdc27824a241be8afecdefc6ec9471.pdf
a43dd2e618e011f1b02bdb21e1fca700	WaterTech/scales/table_with_cells.pdf	36204394d5e423939d0a5d10255bb79cca512f0f.pdf
a44cbf9a18e011f1b02bdb21e1fca700	WaterTech/scales/tuto1.pdf	419116816e31810de54316d7139dbe3a0a74db75.pdf
a45b3ebc18e011f1b02bdb21e1fca700	WaterTech/scales/tuto3.pdf	5b00ba4384a10576080aed5129a80c8eac53e42a.pdf
a46f546a18e011f1b02bdb21e1fca700	WaterTech/scales/yol_env/lib/python3.8/site-packages/matplotlib/mpl-data/images/back.pdf	637a886c799f12bb7bac3b879c646e848f03d3cf.pdf
a48a34f618e011f1b02bdb21e1fca700	WaterTech/scales/yol_env/lib/python3.8/site-packages/matplotlib/mpl-data/images/filesave.pdf	51911593cce924ad8e47aba2ec3d84dc1f94ea05.pdf
a4a4b1c818e011f1b02bdb21e1fca700	WaterTech/scales/yol_env/lib/python3.8/site-packages/matplotlib/mpl-data/images/forward.pdf	1ac539c26fbd99aadd17fc4ae12f3de106b552b2.pdf
a4b4fb0018e011f1b02bdb21e1fca700	WaterTech/scales/yol_env/lib/python3.8/site-packages/matplotlib/mpl-data/images/hand.pdf	8330e19e13becc288b05e5f08d18ce2274fd7c9d.pdf
a4c4033418e011f1b02bdb21e1fca700	WaterTech/scales/yol_env/lib/python3.8/site-packages/matplotlib/mpl-data/images/help.pdf	60646d310c1c61bda8695190d2529d27318b1d5c.pdf
a4dd508c18e011f1b02bdb21e1fca700	WaterTech/scales/yol_env/lib/python3.8/site-packages/matplotlib/mpl-data/images/home.pdf	b5e22eddf2d7c032cbe51f86e8074ee2b145aa5b.pdf
a4f1d3d618e011f1b02bdb21e1fca700	WaterTech/scales/yol_env/lib/python3.8/site-packages/matplotlib/mpl-data/images/matplotlib.pdf	34637f04fabe4bd79bb44c7260b637d75c052601.pdf
a502884818e011f1b02bdb21e1fca700	WaterTech/scales/yol_env/lib/python3.8/site-packages/matplotlib/mpl-data/images/move.pdf	efc6cd916291b62c4a15d7e64b94e97e110db9ea.pdf
a50f34ee18e011f1b02bdb21e1fca700	WaterTech/scales/yol_env/lib/python3.8/site-packages/matplotlib/mpl-data/images/qt4_editor_options.pdf	18a68a0170f17cdb3d0ab388f13ea5570bf6ae8e.pdf
a528311018e011f1b02bdb21e1fca700	WaterTech/scales/yol_env/lib/python3.8/site-packages/matplotlib/mpl-data/images/subplots.pdf	9b5a8236a3afa111b1ae1185f521241b128692d4.pdf
a542cdcc18e011f1b02bdb21e1fca700	WaterTech/scales/yol_env/lib/python3.8/site-packages/matplotlib/mpl-data/images/zoom_to_rect.pdf	0ae369bd622f80a3524e97f811893f5d4c9a04b4.pdf
b224045218e011f1b02bdb21e1fca700	WaterTech/try/DeepSegmentor/plots/PR-curve.pdf	ef2a5f772b79bdb9e1d45bbc8a9deee7323ac29a.pdf
b236b80418e011f1b02bdb21e1fca700	네이쳐원/yolov8/nature/lib/python3.8/site-packages/matplotlib/mpl-data/images/back.pdf	a65c56b008f254e384524d5c75f973440c57c0b5.pdf
b2487a3018e011f1b02bdb21e1fca700	네이쳐원/yolov8/nature/lib/python3.8/site-packages/matplotlib/mpl-data/images/filesave.pdf	d9ac8218ec832af3d18f0b2dc052f3edde8f4093.pdf
b2578d1818e011f1b02bdb21e1fca700	네이쳐원/yolov8/nature/lib/python3.8/site-packages/matplotlib/mpl-data/images/forward.pdf	678e51192153f23bcecd093d06e23417932435d7.pdf
b266325a18e011f1b02bdb21e1fca700	네이쳐원/yolov8/nature/lib/python3.8/site-packages/matplotlib/mpl-data/images/hand.pdf	40d85794566bf880f906083d6b624eed3b05b243.pdf
b274240018e011f1b02bdb21e1fca700	네이쳐원/yolov8/nature/lib/python3.8/site-packages/matplotlib/mpl-data/images/help.pdf	5a3b6b0ca7411edfe9fdd1144e389f4d66b451a6.pdf
b282b3da18e011f1b02bdb21e1fca700	네이쳐원/yolov8/nature/lib/python3.8/site-packages/matplotlib/mpl-data/images/home.pdf	8ec4e59b85cc3796a13ece8dc7c29257986ca291.pdf
b290621e18e011f1b02bdb21e1fca700	네이쳐원/yolov8/nature/lib/python3.8/site-packages/matplotlib/mpl-data/images/matplotlib.pdf	e74c0f3748f0d190706bd0e59e9bd8fc91ac3bc8.pdf
b29f914418e011f1b02bdb21e1fca700	네이쳐원/yolov8/nature/lib/python3.8/site-packages/matplotlib/mpl-data/images/move.pdf	042f19350622e1b7892081eae3d7855726077c3a.pdf
b2b62a8a18e011f1b02bdb21e1fca700	네이쳐원/yolov8/nature/lib/python3.8/site-packages/matplotlib/mpl-data/images/qt4_editor_options.pdf	b1c31eb87fb892ad5f18ac425da1a001643bbf8b.pdf
b2c5002818e011f1b02bdb21e1fca700	네이쳐원/yolov8/nature/lib/python3.8/site-packages/matplotlib/mpl-data/images/subplots.pdf	595de0db1a6008dd63db6a06d169cc62b0ca3f32.pdf
b2d64a5418e011f1b02bdb21e1fca700	네이쳐원/yolov8/nature/lib/python3.8/site-packages/matplotlib/mpl-data/images/zoom_to_rect.pdf	2c159a00413ac872c0356f73f70be48f40798cc9.pdf
b2e375d018e011f1b02bdb21e1fca700	네이쳐원/yolov8/nOne-env/lib/python3.8/site-packages/matplotlib/mpl-data/images/back.pdf	4b45899f0ddb490439e92b6913af2c22087a9cef.pdf
b2f10a0618e011f1b02bdb21e1fca700	네이쳐원/yolov8/nOne-env/lib/python3.8/site-packages/matplotlib/mpl-data/images/filesave.pdf	8cdbc509788d04248f67c520c5ed9e36e423dc40.pdf
b2ff575a18e011f1b02bdb21e1fca700	네이쳐원/yolov8/nOne-env/lib/python3.8/site-packages/matplotlib/mpl-data/images/forward.pdf	6b69f99e64508938ef20968751195ecd3593f320.pdf
b30ca41418e011f1b02bdb21e1fca700	네이쳐원/yolov8/nOne-env/lib/python3.8/site-packages/matplotlib/mpl-data/images/hand.pdf	af566723af4fa1c4398cf6055bc207a76fbd6064.pdf
b319a99818e011f1b02bdb21e1fca700	네이쳐원/yolov8/nOne-env/lib/python3.8/site-packages/matplotlib/mpl-data/images/help.pdf	4fbd790b51f0d790c6b2dc1fbacc063ef43fa763.pdf
b32569f418e011f1b02bdb21e1fca700	네이쳐원/yolov8/nOne-env/lib/python3.8/site-packages/matplotlib/mpl-data/images/home.pdf	12221c5fd15e157c4177d90ba9ff129aced669f0.pdf
b332c84c18e011f1b02bdb21e1fca700	네이쳐원/yolov8/nOne-env/lib/python3.8/site-packages/matplotlib/mpl-data/images/matplotlib.pdf	52e168abc4cf4d9ef89651a7b60b60b87b6c6c5a.pdf
b33eb1fc18e011f1b02bdb21e1fca700	네이쳐원/yolov8/nOne-env/lib/python3.8/site-packages/matplotlib/mpl-data/images/move.pdf	2166e737dd06d62e6fc85115b48ce3ee014c239b.pdf
b34c1e1418e011f1b02bdb21e1fca700	네이쳐원/yolov8/nOne-env/lib/python3.8/site-packages/matplotlib/mpl-data/images/qt4_editor_options.pdf	ff3835cbb7d8483a575347d1466b5751844b055e.pdf
b3589f7c18e011f1b02bdb21e1fca700	네이쳐원/yolov8/nOne-env/lib/python3.8/site-packages/matplotlib/mpl-data/images/subplots.pdf	5ac5f7be62d33273c3d708d93f67fd5627378a24.pdf
b368864418e011f1b02bdb21e1fca700	네이쳐원/yolov8/nOne-env/lib/python3.8/site-packages/matplotlib/mpl-data/images/zoom_to_rect.pdf	80c5bc2a498ea127ce7650325934640313feefcf.pdf
b374ab1818e011f1b02bdb21e1fca700	네이쳐원/yolov8/wild/lib/python3.8/site-packages/matplotlib/mpl-data/images/back.pdf	3ccdaeb0929d4e9231e984c025c81534f1439a99.pdf
b381444a18e011f1b02bdb21e1fca700	네이쳐원/yolov8/wild/lib/python3.8/site-packages/matplotlib/mpl-data/images/filesave.pdf	e96452b5acf9dfedbfbe3615f2e4990528f7cd1f.pdf
b38d451018e011f1b02bdb21e1fca700	네이쳐원/yolov8/wild/lib/python3.8/site-packages/matplotlib/mpl-data/images/forward.pdf	01f425e2423d1b0d73553c3e3b2bf701f7e70ffb.pdf
b399f53a18e011f1b02bdb21e1fca700	네이쳐원/yolov8/wild/lib/python3.8/site-packages/matplotlib/mpl-data/images/hand.pdf	69f4e7e9938af1bae838bd93cfae0650977c75bd.pdf
b3a6186a18e011f1b02bdb21e1fca700	네이쳐원/yolov8/wild/lib/python3.8/site-packages/matplotlib/mpl-data/images/help.pdf	0382ce46c4464997eeb97fe953fddba83aa7976a.pdf
b3b304f818e011f1b02bdb21e1fca700	네이쳐원/yolov8/wild/lib/python3.8/site-packages/matplotlib/mpl-data/images/home.pdf	bcb43e4b83adc835e5deb1fcc53e3af8048f4af3.pdf
b3bf599218e011f1b02bdb21e1fca700	네이쳐원/yolov8/wild/lib/python3.8/site-packages/matplotlib/mpl-data/images/matplotlib.pdf	cbf60fa9baddfb1953977c7dba52ca7d241bcedb.pdf
b3cc46ca18e011f1b02bdb21e1fca700	네이쳐원/yolov8/wild/lib/python3.8/site-packages/matplotlib/mpl-data/images/move.pdf	dc13275f3088f9de37f480086e026cbd249c5eb2.pdf
b3d92d7218e011f1b02bdb21e1fca700	네이쳐원/yolov8/wild/lib/python3.8/site-packages/matplotlib/mpl-data/images/qt4_editor_options.pdf	12e82575b60d66fe93c53af72da098c3966c2c08.pdf
b3e5f22818e011f1b02bdb21e1fca700	네이쳐원/yolov8/wild/lib/python3.8/site-packages/matplotlib/mpl-data/images/subplots.pdf	39411cdeb5f24611aceff94718bbfb975117556b.pdf
b3f1b0fe18e011f1b02bdb21e1fca700	네이쳐원/yolov8/wild/lib/python3.8/site-packages/matplotlib/mpl-data/images/zoom_to_rect.pdf	4abfdeb3ee75d21f8dee091d9434ff06e1fd56bd.pdf
b4029b0818e011f1b02bdb21e1fca700	네이쳐원/yolov8/wild/lib/python3.8/site-packages/mpl_toolkits/tests/baseline_images/test_axes_grid1/divider_append_axes.pdf	b6e969ea436a2db05d1786f1b313831e888b5783.pdf
